,,,,,,,,,,,,,
＜該当機器でインターネットを使っている（Ｑ２で「１」を回答）方に＞,,,,,,,,,,,,,
〔回答票３〕Ｑ３〔A-3機能限定・子供向けスマートフォン〕あなたは、インターネットを使って何をしていますか。インターネットを利用している機器のそれぞれについて、この中から、あてはまるものをすべてあげてください。（いくつでも）,,,,,,,,,,,,,
,,,,,,,,,,,,,
,,,,,,,,,,,,,
,青少年分析軸,,,,,,,,,,,,
,該当数,コミニュケーション,ニュース,情報検索,地図・ナビゲーション,音楽視聴,動画視聴,電子書籍,ゲーム,ショッピング・オークション,その他,わからない,回答計
＊＊【　総　数　】＊＊,28    ,60.7    ,7.1    ,42.9    ,21.4    ,32.1    ,35.7    ,3.6    ,42.9    ,-,10.7    ,10.7    ,267.9    
調査方法〔訪問・ＷＥＢ〕,,,,,,,,,,,,,
訪問面接調査,28    ,60.7    ,7.1    ,42.9    ,21.4    ,32.1    ,35.7    ,3.6    ,42.9    ,-,10.7    ,10.7    ,267.9    
ＷＥＢ調査,-,-,-,-,-,-,-,-,-,-,-,-,-
〔性・学校種別〕,,,,,,,,,,,,,
小学生（計）,10    ,70.0    ,-,40.0    ,10.0    ,10.0    ,10.0    ,-,50.0    ,-,10.0    ,10.0    ,210.0    
  男子,3    ,33.3    ,-,-,-,-,-,-,-,-,33.3    ,33.3    ,100.0    
  女子,7    ,85.7    ,-,57.1    ,14.3    ,14.3    ,14.3    ,-,71.4    ,-,-,-,257.1    
中学生（計）,10    ,40.0    ,10.0    ,40.0    ,20.0    ,50.0    ,40.0    ,10.0    ,40.0    ,-,20.0    ,10.0    ,280.0    
  男子,2    ,50.0    ,50.0    ,50.0    ,50.0    ,50.0    ,50.0    ,-,-,-,-,50.0    ,350.0    
  女子,8    ,37.5    ,-,37.5    ,12.5    ,50.0    ,37.5    ,12.5    ,50.0    ,-,25.0    ,-,262.5    
高校生（計）,8    ,75.0    ,12.5    ,50.0    ,37.5    ,37.5    ,62.5    ,-,37.5    ,-,-,12.5    ,325.0    
  男子,4    ,75.0    ,-,25.0    ,25.0    ,50.0    ,50.0    ,-,25.0    ,-,-,-,250.0    
  女子,4    ,75.0    ,25.0    ,75.0    ,50.0    ,25.0    ,75.0    ,-,50.0    ,-,-,25.0    ,400.0    
〔啓発学習経験・学校種別〕,,,,,,,,,,,,,
  説明を受けたり学んだりした,24    ,62.5    ,8.3    ,50.0    ,25.0    ,37.5    ,41.7    ,4.2    ,45.8    ,-,4.2    ,12.5    ,291.7    
  教えてもらったり学んだりしたことはない,3    ,33.3    ,-,-,-,-,-,-,33.3    ,-,66.7    ,-,133.3    
  わからない,1    ,100.0    ,-,-,-,-,-,-,-,-,-,-,100.0    
小学生（計）,10    ,70.0    ,-,40.0    ,10.0    ,10.0    ,10.0    ,-,50.0    ,-,10.0    ,10.0    ,210.0    
  説明を受けたり学んだりした,9    ,66.7    ,-,44.4    ,11.1    ,11.1    ,11.1    ,-,55.6    ,-,11.1    ,11.1    ,222.2    
  教えてもらったり学んだりしたことはない,-,-,-,-,-,-,-,-,-,-,-,-,-
  わからない,1    ,100.0    ,-,-,-,-,-,-,-,-,-,-,100.0    
中学生（計）,10    ,40.0    ,10.0    ,40.0    ,20.0    ,50.0    ,40.0    ,10.0    ,40.0    ,-,20.0    ,10.0    ,280.0    
  説明を受けたり学んだりした,8    ,50.0    ,12.5    ,50.0    ,25.0    ,62.5    ,50.0    ,12.5    ,37.5    ,-,-,12.5    ,312.5    
  教えてもらったり学んだりしたことはない,2    ,-,-,-,-,-,-,-,50.0    ,-,100.0    ,-,150.0    
  わからない,-,-,-,-,-,-,-,-,-,-,-,-,-
高校生（計）,8    ,75.0    ,12.5    ,50.0    ,37.5    ,37.5    ,62.5    ,-,37.5    ,-,-,12.5    ,325.0    
  説明を受けたり学んだりした,7    ,71.4    ,14.3    ,57.1    ,42.9    ,42.9    ,71.4    ,-,42.9    ,-,-,14.3    ,357.1    
  教えてもらったり学んだりしたことはない,1    ,100.0    ,-,-,-,-,-,-,-,-,-,-,100.0    
  わからない,-,-,-,-,-,-,-,-,-,-,-,-,-
〔家庭のルール・学校種別〕,,,,,,,,,,,,,
  ルールを決めている（計）,22    ,72.7    ,9.1    ,45.5    ,22.7    ,31.8    ,40.9    ,4.5    ,36.4    ,-,-,13.6    ,277.3    
  特にルールを決めていない,6    ,16.7    ,-,33.3    ,16.7    ,33.3    ,16.7    ,-,66.7    ,-,50.0    ,-,233.3    
  わからない,-,-,-,-,-,-,-,-,-,-,-,-,-
小学生（計）,10    ,70.0    ,-,40.0    ,10.0    ,10.0    ,10.0    ,-,50.0    ,-,10.0    ,10.0    ,210.0    
  ルールを決めている（計）,8    ,87.5    ,-,37.5    ,12.5    ,12.5    ,12.5    ,-,50.0    ,-,-,12.5    ,225.0    
  特にルールを決めていない,2    ,-,-,50.0    ,-,-,-,-,50.0    ,-,50.0    ,-,150.0    
  わからない,-,-,-,-,-,-,-,-,-,-,-,-,-
中学生（計）,10    ,40.0    ,10.0    ,40.0    ,20.0    ,50.0    ,40.0    ,10.0    ,40.0    ,-,20.0    ,10.0    ,280.0    
  ルールを決めている（計）,7    ,57.1    ,14.3    ,57.1    ,28.6    ,57.1    ,42.9    ,14.3    ,28.6    ,-,-,14.3    ,314.3    
  特にルールを決めていない,3    ,-,-,-,-,33.3    ,33.3    ,-,66.7    ,-,66.7    ,-,200.0    
  わからない,-,-,-,-,-,-,-,-,-,-,-,-,-
高校生（計）,8    ,75.0    ,12.5    ,50.0    ,37.5    ,37.5    ,62.5    ,-,37.5    ,-,-,12.5    ,325.0    
  ルールを決めている（計）,7    ,71.4    ,14.3    ,42.9    ,28.6    ,28.6    ,71.4    ,-,28.6    ,-,-,14.3    ,300.0    
  特にルールを決めていない,1    ,100.0    ,-,100.0    ,100.0    ,100.0    ,-,-,100.0    ,-,-,-,500.0    
  わからない,-,-,-,-,-,-,-,-,-,-,-,-,-
Ｑ２〔インターネット利用・学校種別〕,,,,,,,,,,,,,
  インターネット利用（計）,28    ,60.7    ,7.1    ,42.9    ,21.4    ,32.1    ,35.7    ,3.6    ,42.9    ,-,10.7    ,10.7    ,267.9    
  インターネット非利用（含わからない）,-,-,-,-,-,-,-,-,-,-,-,-,-
小学生（計）,10    ,70.0    ,-,40.0    ,10.0    ,10.0    ,10.0    ,-,50.0    ,-,10.0    ,10.0    ,210.0    
  インターネット利用（計）,10    ,70.0    ,-,40.0    ,10.0    ,10.0    ,10.0    ,-,50.0    ,-,10.0    ,10.0    ,210.0    
  インターネット非利用（含わからない）,-,-,-,-,-,-,-,-,-,-,-,-,-
中学生（計）,10    ,40.0    ,10.0    ,40.0    ,20.0    ,50.0    ,40.0    ,10.0    ,40.0    ,-,20.0    ,10.0    ,280.0    
  インターネット利用（計）,10    ,40.0    ,10.0    ,40.0    ,20.0    ,50.0    ,40.0    ,10.0    ,40.0    ,-,20.0    ,10.0    ,280.0    
  インターネット非利用（含わからない）,-,-,-,-,-,-,-,-,-,-,-,-,-
高校生（計）,8    ,75.0    ,12.5    ,50.0    ,37.5    ,37.5    ,62.5    ,-,37.5    ,-,-,12.5    ,325.0    
  インターネット利用（計）,8    ,75.0    ,12.5    ,50.0    ,37.5    ,37.5    ,62.5    ,-,37.5    ,-,-,12.5    ,325.0    
  インターネット非利用（含わからない）,-,-,-,-,-,-,-,-,-,-,-,-,-
Ｆ４〔兄弟・姉妹の有無〕,,,,,,,,,,,,,
  １人以上いる,17    ,64.7    ,11.8    ,52.9    ,29.4    ,47.1    ,52.9    ,5.9    ,47.1    ,-,5.9    ,5.9    ,323.5    
  いない,11    ,54.5    ,-,27.3    ,9.1    ,9.1    ,9.1    ,-,36.4    ,-,18.2    ,18.2    ,181.8    
小学生（計）,10    ,70.0    ,-,40.0    ,10.0    ,10.0    ,10.0    ,-,50.0    ,-,10.0    ,10.0    ,210.0    
  １人以上いる,4    ,25.0    ,-,50.0    ,-,-,-,-,50.0    ,-,25.0    ,25.0    ,175.0    
  いない,6    ,100.0    ,-,33.3    ,16.7    ,16.7    ,16.7    ,-,50.0    ,-,-,-,233.3    
中学生（計）,10    ,40.0    ,10.0    ,40.0    ,20.0    ,50.0    ,40.0    ,10.0    ,40.0    ,-,20.0    ,10.0    ,280.0    
  １人以上いる,6    ,66.7    ,16.7    ,50.0    ,33.3    ,83.3    ,66.7    ,16.7    ,50.0    ,-,-,-,383.3    
  いない,4    ,-,-,25.0    ,-,-,-,-,25.0    ,-,50.0    ,25.0    ,125.0    
高校生（計）,8    ,75.0    ,12.5    ,50.0    ,37.5    ,37.5    ,62.5    ,-,37.5    ,-,-,12.5    ,325.0    
  １人以上いる,7    ,85.7    ,14.3    ,57.1    ,42.9    ,42.9    ,71.4    ,-,42.9    ,-,-,-,357.1    
  いない,1    ,-,-,-,-,-,-,-,-,-,-,100.0    ,100.0    
〔地域〕,,,,,,,,,,,,,
北海道・東北,4    ,75.0    ,-,25.0    ,25.0    ,75.0    ,75.0    ,25.0    ,50.0    ,-,-,-,350.0    
北関東,3    ,-,-,33.3    ,-,-,-,-,-,-,33.3    ,33.3    ,100.0    
南関東,9    ,88.9    ,22.2    ,66.7    ,33.3    ,22.2    ,33.3    ,-,33.3    ,-,-,-,300.0    
東海・北陸・信越,6    ,50.0    ,-,33.3    ,33.3    ,16.7    ,33.3    ,-,66.7    ,-,33.3    ,16.7    ,283.3    
近畿,3    ,-,-,33.3    ,-,33.3    ,33.3    ,-,66.7    ,-,-,33.3    ,200.0    
中国・四国,-,-,-,-,-,-,-,-,-,-,-,-,-
九州・沖縄,3    ,100.0    ,-,33.3    ,-,66.7    ,33.3    ,-,33.3    ,-,-,-,266.7    
〔都市規模〕,,,,,,,,,,,,,
大都市（政令指定都市）,8    ,87.5    ,12.5    ,62.5    ,37.5    ,12.5    ,62.5    ,12.5    ,37.5    ,-,-,-,325.0    
人口２０万人以上の市,10    ,50.0    ,-,50.0    ,10.0    ,40.0    ,30.0    ,-,50.0    ,-,10.0    ,-,240.0    
人口１０万人以上の市,4    ,75.0    ,25.0    ,50.0    ,50.0    ,50.0    ,25.0    ,-,50.0    ,-,25.0    ,-,350.0    
人口１０万人未満の市,5    ,40.0    ,-,-,-,40.0    ,20.0    ,-,40.0    ,-,20.0    ,40.0    ,200.0    
郡部（町村）,1    ,-,-,-,-,-,-,-,-,-,-,100.0    ,100.0    
〔都道府県〕,,,,,,,,,,,,,
北海道,1    ,100.0    ,-,-,-,100.0    ,100.0    ,-,100.0    ,-,-,-,400.0    
青森県,-,-,-,-,-,-,-,-,-,-,-,-,-
岩手県,-,-,-,-,-,-,-,-,-,-,-,-,-
宮城県,1    ,100.0    ,-,100.0    ,100.0    ,100.0    ,100.0    ,100.0    ,100.0    ,-,-,-,700.0    
秋田県,2    ,50.0    ,-,-,-,50.0    ,50.0    ,-,-,-,-,-,150.0    
山形県,-,-,-,-,-,-,-,-,-,-,-,-,-
福島県,-,-,-,-,-,-,-,-,-,-,-,-,-
茨城県,1    ,-,-,-,-,-,-,-,-,-,-,100.0    ,100.0    
栃木県,-,-,-,-,-,-,-,-,-,-,-,-,-
群馬県,-,-,-,-,-,-,-,-,-,-,-,-,-
埼玉県,1    ,-,-,100.0    ,-,-,-,-,-,-,-,-,100.0    
千葉県,1    ,-,-,-,-,-,-,-,-,-,100.0    ,-,100.0    
東京都,4    ,100.0    ,25.0    ,75.0    ,25.0    ,-,50.0    ,-,50.0    ,-,-,-,325.0    
神奈川県,5    ,80.0    ,20.0    ,60.0    ,40.0    ,40.0    ,20.0    ,-,20.0    ,-,-,-,280.0    
新潟県,-,-,-,-,-,-,-,-,-,-,-,-,-
富山県,1    ,-,-,-,-,-,-,-,-,-,-,100.0    ,100.0    
石川県,-,-,-,-,-,-,-,-,-,-,-,-,-
福井県,-,-,-,-,-,-,-,-,-,-,-,-,-
山梨県,-,-,-,-,-,-,-,-,-,-,-,-,-
長野県,1    ,100.0    ,-,-,-,-,-,-,100.0    ,-,-,-,200.0    
岐阜県,-,-,-,-,-,-,-,-,-,-,-,-,-
静岡県,2    ,-,-,-,-,-,-,-,50.0    ,-,100.0    ,-,150.0    
愛知県,2    ,100.0    ,-,100.0    ,100.0    ,50.0    ,100.0    ,-,100.0    ,-,-,-,550.0    
三重県,-,-,-,-,-,-,-,-,-,-,-,-,-
滋賀県,-,-,-,-,-,-,-,-,-,-,-,-,-
京都府,-,-,-,-,-,-,-,-,-,-,-,-,-
大阪府,3    ,-,-,33.3    ,-,33.3    ,33.3    ,-,66.7    ,-,-,33.3    ,200.0    
兵庫県,-,-,-,-,-,-,-,-,-,-,-,-,-
奈良県,-,-,-,-,-,-,-,-,-,-,-,-,-
和歌山県,-,-,-,-,-,-,-,-,-,-,-,-,-
鳥取県,-,-,-,-,-,-,-,-,-,-,-,-,-
島根県,-,-,-,-,-,-,-,-,-,-,-,-,-
岡山県,-,-,-,-,-,-,-,-,-,-,-,-,-
広島県,-,-,-,-,-,-,-,-,-,-,-,-,-
山口県,-,-,-,-,-,-,-,-,-,-,-,-,-
徳島県,-,-,-,-,-,-,-,-,-,-,-,-,-
香川県,-,-,-,-,-,-,-,-,-,-,-,-,-
愛媛県,-,-,-,-,-,-,-,-,-,-,-,-,-
高知県,-,-,-,-,-,-,-,-,-,-,-,-,-
福岡県,1    ,100.0    ,-,-,-,-,100.0    ,-,-,-,-,-,200.0    
佐賀県,-,-,-,-,-,-,-,-,-,-,-,-,-
長崎県,1    ,100.0    ,-,100.0    ,-,100.0    ,-,-,100.0    ,-,-,-,400.0    
熊本県,-,-,-,-,-,-,-,-,-,-,-,-,-
大分県,-,-,-,-,-,-,-,-,-,-,-,-,-
宮崎県,1    ,100.0    ,-,-,-,100.0    ,-,-,-,-,-,-,200.0    
鹿児島県,-,-,-,-,-,-,-,-,-,-,-,-,-
沖縄県,-,-,-,-,-,-,-,-,-,-,-,-,-
Ｑ１〔機器の利用状況〕,,,,,,,,,,,,,
スマートフォン,3    ,66.7    ,-,33.3    ,33.3    ,66.7    ,66.7    ,33.3    ,33.3    ,-,-,-,333.3    
格安スマートフォン,-,-,-,-,-,-,-,-,-,-,-,-,-
機能限定・子供向けスマートフォン,28    ,60.7    ,7.1    ,42.9    ,21.4    ,32.1    ,35.7    ,3.6    ,42.9    ,-,10.7    ,10.7    ,267.9    
契約切れスマートフォン,1    ,-,-,-,-,100.0    ,100.0    ,-,100.0    ,-,-,-,300.0    
携帯電話,2    ,50.0    ,-,-,-,50.0    ,50.0    ,-,-,-,-,-,150.0    
機能限定電話・子ども向け携帯電話,-,-,-,-,-,-,-,-,-,-,-,-,-
ノートパソコン,3    ,66.7    ,-,33.3    ,33.3    ,66.7    ,66.7    ,-,33.3    ,-,-,-,300.0    
デスクトップパソコン,2    ,50.0    ,-,-,-,-,-,-,-,-,-,50.0    ,100.0    
タブレット,3    ,66.7    ,-,-,-,33.3    ,-,-,-,-,33.3    ,-,133.3    
学習用タブレット,1    ,-,-,-,-,-,-,-,-,-,100.0    ,-,100.0    
子供向け娯楽用タブレット,-,-,-,-,-,-,-,-,-,-,-,-,-
携帯音楽プレイヤー,4    ,100.0    ,25.0    ,50.0    ,50.0    ,50.0    ,75.0    ,-,50.0    ,-,-,-,400.0    
携帯ゲーム機,9    ,44.4    ,-,11.1    ,11.1    ,11.1    ,22.2    ,-,22.2    ,-,22.2    ,22.2    ,166.7    
据置型ゲーム機,7    ,85.7    ,-,28.6    ,14.3    ,28.6    ,28.6    ,-,42.9    ,-,-,-,228.6    
インターネット接続テレビ,1    ,100.0    ,-,100.0    ,100.0    ,-,100.0    ,-,100.0    ,-,-,-,500.0    
利用している（計）,28    ,60.7    ,7.1    ,42.9    ,21.4    ,32.1    ,35.7    ,3.6    ,42.9    ,-,10.7    ,10.7    ,267.9    
いずれも利用していない,-,-,-,-,-,-,-,-,-,-,-,-,-
Ａスマートフォン（計）,28    ,60.7    ,7.1    ,42.9    ,21.4    ,32.1    ,35.7    ,3.6    ,42.9    ,-,10.7    ,10.7    ,267.9    
Ｂ携帯電話（計）,2    ,50.0    ,-,-,-,50.0    ,50.0    ,-,-,-,-,-,150.0    
Ｃパソコン（計）,5    ,60.0    ,-,20.0    ,20.0    ,40.0    ,40.0    ,-,20.0    ,-,-,20.0    ,220.0    
Ｄタブレット（計）,3    ,66.7    ,-,-,-,33.3    ,-,-,-,-,33.3    ,-,133.3    
Ｅ携帯音楽プレイヤー,4    ,100.0    ,25.0    ,50.0    ,50.0    ,50.0    ,75.0    ,-,50.0    ,-,-,-,400.0    
Ｆゲーム機（計）,11    ,54.5    ,-,18.2    ,9.1    ,18.2    ,18.2    ,-,36.4    ,-,18.2    ,18.2    ,190.9    
Ｇインターネット接続テレビ,1    ,100.0    ,-,100.0    ,100.0    ,-,100.0    ,-,100.0    ,-,-,-,500.0    
Ａ・Ｂスマートフォン・携帯電話（計）,28    ,60.7    ,7.1    ,42.9    ,21.4    ,32.1    ,35.7    ,3.6    ,42.9    ,-,10.7    ,10.7    ,267.9    
Ａ・Ｂ機能限定や子供向け（計）,28    ,60.7    ,7.1    ,42.9    ,21.4    ,32.1    ,35.7    ,3.6    ,42.9    ,-,10.7    ,10.7    ,267.9    
Ａ・Ｂ機能限定や子供向け以外（計）,5    ,60.0    ,-,20.0    ,20.0    ,60.0    ,60.0    ,20.0    ,40.0    ,-,-,-,280.0    
【全数】Ｑ２〔ネット利用状況（ネット利用まとめ）〕,,,,,,,,,,,,,
スマートフォン,3    ,66.7    ,-,33.3    ,33.3    ,66.7    ,66.7    ,33.3    ,33.3    ,-,-,-,333.3    
格安スマートフォン,-,-,-,-,-,-,-,-,-,-,-,-,-
機能限定・子供向けスマートフォン,28    ,60.7    ,7.1    ,42.9    ,21.4    ,32.1    ,35.7    ,3.6    ,42.9    ,-,10.7    ,10.7    ,267.9    
契約切れスマートフォン,1    ,-,-,-,-,100.0    ,100.0    ,-,100.0    ,-,-,-,300.0    
携帯電話,1    ,-,-,-,-,100.0    ,100.0    ,-,-,-,-,-,200.0    
機能限定電話・子ども向け携帯電話,-,-,-,-,-,-,-,-,-,-,-,-,-
ノートパソコン,3    ,66.7    ,-,33.3    ,33.3    ,66.7    ,66.7    ,-,33.3    ,-,-,-,300.0    
デスクトップパソコン,2    ,50.0    ,-,-,-,-,-,-,-,-,-,50.0    ,100.0    
タブレット,3    ,66.7    ,-,-,-,33.3    ,-,-,-,-,33.3    ,-,133.3    
学習用タブレット,1    ,-,-,-,-,-,-,-,-,-,100.0    ,-,100.0    
子供向け娯楽用タブレット,-,-,-,-,-,-,-,-,-,-,-,-,-
携帯音楽プレイヤー,1    ,100.0    ,-,100.0    ,100.0    ,-,100.0    ,-,100.0    ,-,-,-,500.0    
携帯ゲーム機,5    ,40.0    ,-,20.0    ,20.0    ,20.0    ,40.0    ,-,20.0    ,-,20.0    ,20.0    ,200.0    
据置型ゲーム機,3    ,66.7    ,-,33.3    ,33.3    ,33.3    ,66.7    ,-,33.3    ,-,-,-,266.7    
インターネット接続テレビ,1    ,100.0    ,-,100.0    ,100.0    ,-,100.0    ,-,100.0    ,-,-,-,500.0    
インターネット利用（計）,28    ,60.7    ,7.1    ,42.9    ,21.4    ,32.1    ,35.7    ,3.6    ,42.9    ,-,10.7    ,10.7    ,267.9    
インターネット非利用,-,-,-,-,-,-,-,-,-,-,-,-,-
モバイル機器（計）,28    ,60.7    ,7.1    ,42.9    ,21.4    ,32.1    ,35.7    ,3.6    ,42.9    ,-,10.7    ,10.7    ,267.9    
据置型機器（計）,4    ,50.0    ,-,25.0    ,25.0    ,25.0    ,50.0    ,-,25.0    ,-,-,25.0    ,225.0    
Ａスマートフォン（計）,28    ,60.7    ,7.1    ,42.9    ,21.4    ,32.1    ,35.7    ,3.6    ,42.9    ,-,10.7    ,10.7    ,267.9    
Ｂ携帯電話（計）,1    ,-,-,-,-,100.0    ,100.0    ,-,-,-,-,-,200.0    
Ｃパソコン（計）,5    ,60.0    ,-,20.0    ,20.0    ,40.0    ,40.0    ,-,20.0    ,-,-,20.0    ,220.0    
Ｄタブレット（計）,3    ,66.7    ,-,-,-,33.3    ,-,-,-,-,33.3    ,-,133.3    
Ｅ携帯音楽プレイヤー,1    ,100.0    ,-,100.0    ,100.0    ,-,100.0    ,-,100.0    ,-,-,-,500.0    
Ｆゲーム機（計）,5    ,40.0    ,-,20.0    ,20.0    ,20.0    ,40.0    ,-,20.0    ,-,20.0    ,20.0    ,200.0    
Ｇインターネット接続テレビ,1    ,100.0    ,-,100.0    ,100.0    ,-,100.0    ,-,100.0    ,-,-,-,500.0    
Ａ・Ｂスマートフォン・携帯電話（計）,28    ,60.7    ,7.1    ,42.9    ,21.4    ,32.1    ,35.7    ,3.6    ,42.9    ,-,10.7    ,10.7    ,267.9    
Ａ・Ｂ機能限定や子供向け（計）,28    ,60.7    ,7.1    ,42.9    ,21.4    ,32.1    ,35.7    ,3.6    ,42.9    ,-,10.7    ,10.7    ,267.9    
Ａ・Ｂ機能限定や子供向け以外（計）,4    ,50.0    ,-,25.0    ,25.0    ,75.0    ,75.0    ,25.0    ,50.0    ,-,-,-,325.0    
非該当,-,-,-,-,-,-,-,-,-,-,-,-,-
【全数】Ｑ２〔ネット利用状況（Ａ１スマホ〜Ｇ１インターネット接続テレビ計）〕,,,,,,,,,,,,,
使っている（計）,28    ,60.7    ,7.1    ,42.9    ,21.4    ,32.1    ,35.7    ,3.6    ,42.9    ,-,10.7    ,10.7    ,267.9    
使える機種・設定で、使っていない（計）,2    ,-,-,-,-,-,-,-,50.0    ,-,50.0    ,50.0    ,150.0    
使えない機種・設定で、使っていない（計）,2    ,100.0    ,-,-,-,50.0    ,50.0    ,-,50.0    ,-,-,-,250.0    
わからない（計）,5    ,100.0    ,20.0    ,40.0    ,20.0    ,40.0    ,20.0    ,-,40.0    ,-,-,-,280.0    
非該当,-,-,-,-,-,-,-,-,-,-,-,-,-
【全数】Ｑ２〔ネット利用状況（Ａ１スマホ）〕,,,,,,,,,,,,,
使っている,3    ,66.7    ,-,33.3    ,33.3    ,66.7    ,66.7    ,33.3    ,33.3    ,-,-,-,333.3    
使える機種・設定で、使っていない,-,-,-,-,-,-,-,-,-,-,-,-,-
使えない機種・設定で、使っていない,-,-,-,-,-,-,-,-,-,-,-,-,-
わからない,-,-,-,-,-,-,-,-,-,-,-,-,-
非該当,25    ,60.0    ,8.0    ,44.0    ,20.0    ,28.0    ,32.0    ,-,44.0    ,-,12.0    ,12.0    ,260.0    
【全数】Ｑ２〔ネット利用状況（Ａ２格安スマホ）〕,,,,,,,,,,,,,
使っている,-,-,-,-,-,-,-,-,-,-,-,-,-
使える機種・設定で、使っていない,-,-,-,-,-,-,-,-,-,-,-,-,-
使えない機種・設定で、使っていない,-,-,-,-,-,-,-,-,-,-,-,-,-
わからない,-,-,-,-,-,-,-,-,-,-,-,-,-
非該当,28    ,60.7    ,7.1    ,42.9    ,21.4    ,32.1    ,35.7    ,3.6    ,42.9    ,-,10.7    ,10.7    ,267.9    
【全数】Ｑ２〔ネット利用状況（Ａ３子供スマホ）〕,,,,,,,,,,,,,
使っている,28    ,60.7    ,7.1    ,42.9    ,21.4    ,32.1    ,35.7    ,3.6    ,42.9    ,-,10.7    ,10.7    ,267.9    
使える機種・設定で、使っていない,-,-,-,-,-,-,-,-,-,-,-,-,-
使えない機種・設定で、使っていない,-,-,-,-,-,-,-,-,-,-,-,-,-
わからない,-,-,-,-,-,-,-,-,-,-,-,-,-
非該当,-,-,-,-,-,-,-,-,-,-,-,-,-
【全数】Ｑ２〔ネット利用状況（Ａ４契約切れスマホ）〕,,,,,,,,,,,,,
使っている,1    ,-,-,-,-,100.0    ,100.0    ,-,100.0    ,-,-,-,300.0    
使える機種・設定で、使っていない,-,-,-,-,-,-,-,-,-,-,-,-,-
使えない機種・設定で、使っていない,-,-,-,-,-,-,-,-,-,-,-,-,-
わからない,-,-,-,-,-,-,-,-,-,-,-,-,-
非該当,27    ,63.0    ,7.4    ,44.4    ,22.2    ,29.6    ,33.3    ,3.7    ,40.7    ,-,11.1    ,11.1    ,266.7    
【全数】Ｑ２〔ネット利用状況（Ｂ１携帯電話）〕,,,,,,,,,,,,,
使っている,1    ,-,-,-,-,100.0    ,100.0    ,-,-,-,-,-,200.0    
使える機種・設定で、使っていない,-,-,-,-,-,-,-,-,-,-,-,-,-
使えない機種・設定で、使っていない,1    ,100.0    ,-,-,-,-,-,-,-,-,-,-,100.0    
わからない,-,-,-,-,-,-,-,-,-,-,-,-,-
非該当,26    ,61.5    ,7.7    ,46.2    ,23.1    ,30.8    ,34.6    ,3.8    ,46.2    ,-,11.5    ,11.5    ,276.9    
【全数】Ｑ２〔ネット利用状況（Ｂ２子ども向け携帯等）〕,,,,,,,,,,,,,
使っている,-,-,-,-,-,-,-,-,-,-,-,-,-
使える機種・設定で、使っていない,-,-,-,-,-,-,-,-,-,-,-,-,-
使えない機種・設定で、使っていない,-,-,-,-,-,-,-,-,-,-,-,-,-
わからない,-,-,-,-,-,-,-,-,-,-,-,-,-
非該当,28    ,60.7    ,7.1    ,42.9    ,21.4    ,32.1    ,35.7    ,3.6    ,42.9    ,-,10.7    ,10.7    ,267.9    
【全数】Ｑ２〔ネット利用状況（Ｃ１ノートＰＣ）〕,,,,,,,,,,,,,
使っている,3    ,66.7    ,-,33.3    ,33.3    ,66.7    ,66.7    ,-,33.3    ,-,-,-,300.0    
使える機種・設定で、使っていない,-,-,-,-,-,-,-,-,-,-,-,-,-
使えない機種・設定で、使っていない,-,-,-,-,-,-,-,-,-,-,-,-,-
わからない,-,-,-,-,-,-,-,-,-,-,-,-,-
非該当,25    ,60.0    ,8.0    ,44.0    ,20.0    ,28.0    ,32.0    ,4.0    ,44.0    ,-,12.0    ,12.0    ,264.0    
【全数】Ｑ２〔ネット利用状況（Ｃ２デスクトップＰＣ）〕,,,,,,,,,,,,,
使っている,2    ,50.0    ,-,-,-,-,-,-,-,-,-,50.0    ,100.0    
使える機種・設定で、使っていない,-,-,-,-,-,-,-,-,-,-,-,-,-
使えない機種・設定で、使っていない,-,-,-,-,-,-,-,-,-,-,-,-,-
わからない,-,-,-,-,-,-,-,-,-,-,-,-,-
非該当,26    ,61.5    ,7.7    ,46.2    ,23.1    ,34.6    ,38.5    ,3.8    ,46.2    ,-,11.5    ,7.7    ,280.8    
【全数】Ｑ２〔ネット利用状況（Ｄ１タブレット）〕,,,,,,,,,,,,,
使っている,3    ,66.7    ,-,-,-,33.3    ,-,-,-,-,33.3    ,-,133.3    
使える機種・設定で、使っていない,-,-,-,-,-,-,-,-,-,-,-,-,-
使えない機種・設定で、使っていない,-,-,-,-,-,-,-,-,-,-,-,-,-
わからない,-,-,-,-,-,-,-,-,-,-,-,-,-
非該当,25    ,60.0    ,8.0    ,48.0    ,24.0    ,32.0    ,40.0    ,4.0    ,48.0    ,-,8.0    ,12.0    ,284.0    
【全数】Ｑ２〔ネット利用状況（Ｄ２学習用タブレット）〕,,,,,,,,,,,,,
使っている,1    ,-,-,-,-,-,-,-,-,-,100.0    ,-,100.0    
使える機種・設定で、使っていない,-,-,-,-,-,-,-,-,-,-,-,-,-
使えない機種・設定で、使っていない,-,-,-,-,-,-,-,-,-,-,-,-,-
わからない,-,-,-,-,-,-,-,-,-,-,-,-,-
非該当,27    ,63.0    ,7.4    ,44.4    ,22.2    ,33.3    ,37.0    ,3.7    ,44.4    ,-,7.4    ,11.1    ,274.1    
【全数】Ｑ２〔ネット利用状況（Ｄ３娯楽用タブレット）〕,,,,,,,,,,,,,
使っている,-,-,-,-,-,-,-,-,-,-,-,-,-
使える機種・設定で、使っていない,-,-,-,-,-,-,-,-,-,-,-,-,-
使えない機種・設定で、使っていない,-,-,-,-,-,-,-,-,-,-,-,-,-
わからない,-,-,-,-,-,-,-,-,-,-,-,-,-
非該当,28    ,60.7    ,7.1    ,42.9    ,21.4    ,32.1    ,35.7    ,3.6    ,42.9    ,-,10.7    ,10.7    ,267.9    
【全数】Ｑ２〔ネット利用状況（Ｅ１携帯音楽プレイヤー）〕,,,,,,,,,,,,,
使っている,1    ,100.0    ,-,100.0    ,100.0    ,-,100.0    ,-,100.0    ,-,-,-,500.0    
使える機種・設定で、使っていない,-,-,-,-,-,-,-,-,-,-,-,-,-
使えない機種・設定で、使っていない,1    ,100.0    ,-,-,-,100.0    ,100.0    ,-,100.0    ,-,-,-,400.0    
わからない,2    ,100.0    ,50.0    ,50.0    ,50.0    ,50.0    ,50.0    ,-,-,-,-,-,350.0    
非該当,24    ,54.2    ,4.2    ,41.7    ,16.7    ,29.2    ,29.2    ,4.2    ,41.7    ,-,12.5    ,12.5    ,245.8    
【全数】Ｑ２〔ネット利用状況（Ｆ１携帯ゲーム）〕,,,,,,,,,,,,,
使っている,5    ,40.0    ,-,20.0    ,20.0    ,20.0    ,40.0    ,-,20.0    ,-,20.0    ,20.0    ,200.0    
使える機種・設定で、使っていない,2    ,-,-,-,-,-,-,-,50.0    ,-,50.0    ,50.0    ,150.0    
使えない機種・設定で、使っていない,-,-,-,-,-,-,-,-,-,-,-,-,-
わからない,2    ,100.0    ,-,-,-,-,-,-,-,-,-,-,100.0    
非該当,19    ,68.4    ,10.5    ,57.9    ,26.3    ,42.1    ,42.1    ,5.3    ,52.6    ,-,5.3    ,5.3    ,315.8    
【全数】Ｑ２〔ネット利用状況（Ｆ２据置型ゲーム）〕,,,,,,,,,,,,,
使っている,3    ,66.7    ,-,33.3    ,33.3    ,33.3    ,66.7    ,-,33.3    ,-,-,-,266.7    
使える機種・設定で、使っていない,-,-,-,-,-,-,-,-,-,-,-,-,-
使えない機種・設定で、使っていない,-,-,-,-,-,-,-,-,-,-,-,-,-
わからない,4    ,100.0    ,-,25.0    ,-,25.0    ,-,-,50.0    ,-,-,-,200.0    
非該当,21    ,52.4    ,9.5    ,47.6    ,23.8    ,33.3    ,38.1    ,4.8    ,42.9    ,-,14.3    ,14.3    ,281.0    
【全数】Ｑ２〔ネット利用状況（Ｇ１ネットテレビ）〕,,,,,,,,,,,,,
使っている,1    ,100.0    ,-,100.0    ,100.0    ,-,100.0    ,-,100.0    ,-,-,-,500.0    
使える機種・設定で、使っていない,-,-,-,-,-,-,-,-,-,-,-,-,-
使えない機種・設定で、使っていない,-,-,-,-,-,-,-,-,-,-,-,-,-
わからない,-,-,-,-,-,-,-,-,-,-,-,-,-
非該当,27    ,59.3    ,7.4    ,40.7    ,18.5    ,33.3    ,33.3    ,3.7    ,40.7    ,-,11.1    ,11.1    ,259.3    
Ｑ３〔ネット利用項目（Ａ１スマホ〜Ｇ１インターネット接続テレビ計）〕,,,,,,,,,,,,,
コミニュケーション（計）,19    ,89.5    ,10.5    ,47.4    ,31.6    ,42.1    ,47.4    ,5.3    ,47.4    ,-,-,5.3    ,326.3    
ニュース（計）,4    ,75.0    ,50.0    ,50.0    ,25.0    ,50.0    ,75.0    ,-,-,-,-,-,325.0    
情報検索（計）,17    ,70.6    ,11.8    ,70.6    ,35.3    ,35.3    ,41.2    ,5.9    ,47.1    ,-,5.9    ,-,323.5    
地図・ナビゲーション（計）,8    ,75.0    ,12.5    ,75.0    ,75.0    ,62.5    ,75.0    ,12.5    ,62.5    ,-,12.5    ,-,462.5    
音楽視聴（計）,12    ,75.0    ,8.3    ,50.0    ,41.7    ,75.0    ,58.3    ,8.3    ,58.3    ,-,8.3    ,-,383.3    
動画視聴（計）,13    ,69.2    ,15.4    ,46.2    ,38.5    ,46.2    ,76.9    ,7.7    ,46.2    ,-,7.7    ,7.7    ,361.5    
電子書籍（計）,2    ,100.0    ,-,50.0    ,50.0    ,50.0    ,50.0    ,50.0    ,50.0    ,-,-,-,400.0    
ゲーム（計）,19    ,63.2    ,-,42.1    ,26.3    ,36.8    ,36.8    ,5.3    ,63.2    ,-,10.5    ,10.5    ,294.7    
ショッピング・オークション（計）,-,-,-,-,-,-,-,-,-,-,-,-,-
その他（計）,3    ,-,-,-,-,-,-,-,33.3    ,-,100.0    ,-,133.3    
わからない（計）,5    ,40.0    ,-,20.0    ,20.0    ,20.0    ,20.0    ,-,20.0    ,-,-,60.0    ,200.0    
Ｑ３〔ネット利用項目（Ａ１スマホ／ＭＡ）〕,,,,,,,,,,,,,
コミニュケーション,3    ,66.7    ,-,33.3    ,33.3    ,66.7    ,66.7    ,33.3    ,33.3    ,-,-,-,333.3    
ニュース,2    ,50.0    ,-,-,-,50.0    ,50.0    ,-,-,-,-,-,150.0    
情報検索,2    ,50.0    ,-,-,-,50.0    ,50.0    ,-,-,-,-,-,150.0    
地図・ナビゲーション,1    ,-,-,-,-,100.0    ,100.0    ,-,-,-,-,-,200.0    
音楽視聴,2    ,50.0    ,-,-,-,50.0    ,50.0    ,-,-,-,-,-,150.0    
動画視聴,2    ,50.0    ,-,-,-,50.0    ,50.0    ,-,-,-,-,-,150.0    
電子書籍,1    ,100.0    ,-,-,-,-,-,-,-,-,-,-,100.0    
ゲーム,2    ,50.0    ,-,-,-,50.0    ,50.0    ,-,-,-,-,-,150.0    
ショッピング・オークション,-,-,-,-,-,-,-,-,-,-,-,-,-
その他,-,-,-,-,-,-,-,-,-,-,-,-,-
わからない,-,-,-,-,-,-,-,-,-,-,-,-,-
Ｑ３〔ネット利用項目（Ａ２格安スマホ／ＭＡ）〕,,,,,,,,,,,,,
コミニュケーション,-,-,-,-,-,-,-,-,-,-,-,-,-
ニュース,-,-,-,-,-,-,-,-,-,-,-,-,-
情報検索,-,-,-,-,-,-,-,-,-,-,-,-,-
地図・ナビゲーション,-,-,-,-,-,-,-,-,-,-,-,-,-
音楽視聴,-,-,-,-,-,-,-,-,-,-,-,-,-
動画視聴,-,-,-,-,-,-,-,-,-,-,-,-,-
電子書籍,-,-,-,-,-,-,-,-,-,-,-,-,-
ゲーム,-,-,-,-,-,-,-,-,-,-,-,-,-
ショッピング・オークション,-,-,-,-,-,-,-,-,-,-,-,-,-
その他,-,-,-,-,-,-,-,-,-,-,-,-,-
わからない,-,-,-,-,-,-,-,-,-,-,-,-,-
Ｑ３〔ネット利用項目（Ａ３子供スマホ／ＭＡ）〕,,,,,,,,,,,,,
コミニュケーション,17    ,100.0    ,11.8    ,52.9    ,35.3    ,41.2    ,47.1    ,5.9    ,52.9    ,-,-,-,347.1    
ニュース,2    ,100.0    ,100.0    ,100.0    ,50.0    ,50.0    ,100.0    ,-,-,-,-,-,500.0    
情報検索,12    ,75.0    ,16.7    ,100.0    ,50.0    ,41.7    ,50.0    ,8.3    ,66.7    ,-,-,-,408.3    
地図・ナビゲーション,6    ,100.0    ,16.7    ,100.0    ,100.0    ,66.7    ,83.3    ,16.7    ,83.3    ,-,-,-,566.7    
音楽視聴,9    ,77.8    ,11.1    ,55.6    ,44.4    ,100.0    ,66.7    ,11.1    ,66.7    ,-,-,-,433.3    
動画視聴,10    ,80.0    ,20.0    ,60.0    ,50.0    ,60.0    ,100.0    ,10.0    ,60.0    ,-,-,-,440.0    
電子書籍,1    ,100.0    ,-,100.0    ,100.0    ,100.0    ,100.0    ,100.0    ,100.0    ,-,-,-,700.0    
ゲーム,12    ,75.0    ,-,66.7    ,41.7    ,50.0    ,50.0    ,8.3    ,100.0    ,-,8.3    ,-,400.0    
ショッピング・オークション,-,-,-,-,-,-,-,-,-,-,-,-,-
その他,3    ,-,-,-,-,-,-,-,33.3    ,-,100.0    ,-,133.3    
わからない,3    ,-,-,-,-,-,-,-,-,-,-,100.0    ,100.0    
Ｑ３〔ネット利用項目（Ａ４契約切れスマホ／ＭＡ）〕,,,,,,,,,,,,,
コミニュケーション,-,-,-,-,-,-,-,-,-,-,-,-,-
ニュース,-,-,-,-,-,-,-,-,-,-,-,-,-
情報検索,-,-,-,-,-,-,-,-,-,-,-,-,-
地図・ナビゲーション,-,-,-,-,-,-,-,-,-,-,-,-,-
音楽視聴,1    ,-,-,-,-,100.0    ,100.0    ,-,100.0    ,-,-,-,300.0    
動画視聴,1    ,-,-,-,-,100.0    ,100.0    ,-,100.0    ,-,-,-,300.0    
電子書籍,-,-,-,-,-,-,-,-,-,-,-,-,-
ゲーム,1    ,-,-,-,-,100.0    ,100.0    ,-,100.0    ,-,-,-,300.0    
ショッピング・オークション,-,-,-,-,-,-,-,-,-,-,-,-,-
その他,-,-,-,-,-,-,-,-,-,-,-,-,-
わからない,-,-,-,-,-,-,-,-,-,-,-,-,-
Ｑ３〔ネット利用項目（Ｂ１携帯電話／ＭＡ）〕,,,,,,,,,,,,,
コミニュケーション,1    ,-,-,-,-,100.0    ,100.0    ,-,-,-,-,-,200.0    
ニュース,-,-,-,-,-,-,-,-,-,-,-,-,-
情報検索,1    ,-,-,-,-,100.0    ,100.0    ,-,-,-,-,-,200.0    
地図・ナビゲーション,-,-,-,-,-,-,-,-,-,-,-,-,-
音楽視聴,1    ,-,-,-,-,100.0    ,100.0    ,-,-,-,-,-,200.0    
動画視聴,1    ,-,-,-,-,100.0    ,100.0    ,-,-,-,-,-,200.0    
電子書籍,-,-,-,-,-,-,-,-,-,-,-,-,-
ゲーム,-,-,-,-,-,-,-,-,-,-,-,-,-
ショッピング・オークション,-,-,-,-,-,-,-,-,-,-,-,-,-
その他,-,-,-,-,-,-,-,-,-,-,-,-,-
わからない,-,-,-,-,-,-,-,-,-,-,-,-,-
Ｑ３〔ネット利用項目（Ｂ２子ども向け携帯等／ＭＡ）〕,,,,,,,,,,,,,
コミニュケーション,-,-,-,-,-,-,-,-,-,-,-,-,-
ニュース,-,-,-,-,-,-,-,-,-,-,-,-,-
情報検索,-,-,-,-,-,-,-,-,-,-,-,-,-
地図・ナビゲーション,-,-,-,-,-,-,-,-,-,-,-,-,-
音楽視聴,-,-,-,-,-,-,-,-,-,-,-,-,-
動画視聴,-,-,-,-,-,-,-,-,-,-,-,-,-
電子書籍,-,-,-,-,-,-,-,-,-,-,-,-,-
ゲーム,-,-,-,-,-,-,-,-,-,-,-,-,-
ショッピング・オークション,-,-,-,-,-,-,-,-,-,-,-,-,-
その他,-,-,-,-,-,-,-,-,-,-,-,-,-
わからない,-,-,-,-,-,-,-,-,-,-,-,-,-
Ｑ３〔ネット利用項目（Ｃ１ノートＰＣ／ＭＡ）〕,,,,,,,,,,,,,
コミニュケーション,-,-,-,-,-,-,-,-,-,-,-,-,-
ニュース,1    ,-,-,-,-,100.0    ,100.0    ,-,-,-,-,-,200.0    
情報検索,1    ,-,-,-,-,100.0    ,100.0    ,-,-,-,-,-,200.0    
地図・ナビゲーション,-,-,-,-,-,-,-,-,-,-,-,-,-
音楽視聴,1    ,-,-,-,-,100.0    ,100.0    ,-,-,-,-,-,200.0    
動画視聴,2    ,50.0    ,-,50.0    ,50.0    ,50.0    ,100.0    ,-,50.0    ,-,-,-,350.0    
電子書籍,-,-,-,-,-,-,-,-,-,-,-,-,-
ゲーム,-,-,-,-,-,-,-,-,-,-,-,-,-
ショッピング・オークション,-,-,-,-,-,-,-,-,-,-,-,-,-
その他,-,-,-,-,-,-,-,-,-,-,-,-,-
わからない,1    ,100.0    ,-,-,-,100.0    ,-,-,-,-,-,-,200.0    
Ｑ３〔ネット利用項目（Ｃ２デスクトップＰＣ／ＭＡ）〕,,,,,,,,,,,,,
コミニュケーション,1    ,-,-,-,-,-,-,-,-,-,-,100.0    ,100.0    
ニュース,-,-,-,-,-,-,-,-,-,-,-,-,-
情報検索,1    ,100.0    ,-,-,-,-,-,-,-,-,-,-,100.0    
地図・ナビゲーション,-,-,-,-,-,-,-,-,-,-,-,-,-
音楽視聴,-,-,-,-,-,-,-,-,-,-,-,-,-
動画視聴,1    ,-,-,-,-,-,-,-,-,-,-,100.0    ,100.0    
電子書籍,-,-,-,-,-,-,-,-,-,-,-,-,-
ゲーム,2    ,50.0    ,-,-,-,-,-,-,-,-,-,50.0    ,100.0    
ショッピング・オークション,-,-,-,-,-,-,-,-,-,-,-,-,-
その他,-,-,-,-,-,-,-,-,-,-,-,-,-
わからない,-,-,-,-,-,-,-,-,-,-,-,-,-
Ｑ３〔ネット利用項目（Ｄ１タブレット／ＭＡ）〕,,,,,,,,,,,,,
コミニュケーション,1    ,100.0    ,-,-,-,-,-,-,-,-,-,-,100.0    
ニュース,-,-,-,-,-,-,-,-,-,-,-,-,-
情報検索,1    ,100.0    ,-,-,-,-,-,-,-,-,-,-,100.0    
地図・ナビゲーション,1    ,-,-,-,-,-,-,-,-,-,100.0    ,-,100.0    
音楽視聴,1    ,-,-,-,-,-,-,-,-,-,100.0    ,-,100.0    
動画視聴,1    ,-,-,-,-,-,-,-,-,-,100.0    ,-,100.0    
電子書籍,-,-,-,-,-,-,-,-,-,-,-,-,-
ゲーム,2    ,50.0    ,-,-,-,-,-,-,-,-,50.0    ,-,100.0    
ショッピング・オークション,-,-,-,-,-,-,-,-,-,-,-,-,-
その他,-,-,-,-,-,-,-,-,-,-,-,-,-
わからない,1    ,100.0    ,-,-,-,100.0    ,-,-,-,-,-,-,200.0    
Ｑ３〔ネット利用項目（Ｄ２学習用タブレット／ＭＡ）〕,,,,,,,,,,,,,
コミニュケーション,-,-,-,-,-,-,-,-,-,-,-,-,-
ニュース,-,-,-,-,-,-,-,-,-,-,-,-,-
情報検索,1    ,-,-,-,-,-,-,-,-,-,100.0    ,-,100.0    
地図・ナビゲーション,-,-,-,-,-,-,-,-,-,-,-,-,-
音楽視聴,-,-,-,-,-,-,-,-,-,-,-,-,-
動画視聴,-,-,-,-,-,-,-,-,-,-,-,-,-
電子書籍,-,-,-,-,-,-,-,-,-,-,-,-,-
ゲーム,1    ,-,-,-,-,-,-,-,-,-,100.0    ,-,100.0    
ショッピング・オークション,-,-,-,-,-,-,-,-,-,-,-,-,-
その他,1    ,-,-,-,-,-,-,-,-,-,100.0    ,-,100.0    
わからない,-,-,-,-,-,-,-,-,-,-,-,-,-
Ｑ３〔ネット利用項目（Ｄ３娯楽用タブレット／ＭＡ）〕,,,,,,,,,,,,,
コミニュケーション,-,-,-,-,-,-,-,-,-,-,-,-,-
ニュース,-,-,-,-,-,-,-,-,-,-,-,-,-
情報検索,-,-,-,-,-,-,-,-,-,-,-,-,-
地図・ナビゲーション,-,-,-,-,-,-,-,-,-,-,-,-,-
音楽視聴,-,-,-,-,-,-,-,-,-,-,-,-,-
動画視聴,-,-,-,-,-,-,-,-,-,-,-,-,-
電子書籍,-,-,-,-,-,-,-,-,-,-,-,-,-
ゲーム,-,-,-,-,-,-,-,-,-,-,-,-,-
ショッピング・オークション,-,-,-,-,-,-,-,-,-,-,-,-,-
その他,-,-,-,-,-,-,-,-,-,-,-,-,-
わからない,-,-,-,-,-,-,-,-,-,-,-,-,-
Ｑ３〔ネット利用項目（Ｅ１携帯音楽プレイヤー／ＭＡ）〕,,,,,,,,,,,,,
コミニュケーション,-,-,-,-,-,-,-,-,-,-,-,-,-
ニュース,-,-,-,-,-,-,-,-,-,-,-,-,-
情報検索,-,-,-,-,-,-,-,-,-,-,-,-,-
地図・ナビゲーション,-,-,-,-,-,-,-,-,-,-,-,-,-
音楽視聴,1    ,100.0    ,-,100.0    ,100.0    ,-,100.0    ,-,100.0    ,-,-,-,500.0    
動画視聴,-,-,-,-,-,-,-,-,-,-,-,-,-
電子書籍,-,-,-,-,-,-,-,-,-,-,-,-,-
ゲーム,-,-,-,-,-,-,-,-,-,-,-,-,-
ショッピング・オークション,-,-,-,-,-,-,-,-,-,-,-,-,-
その他,-,-,-,-,-,-,-,-,-,-,-,-,-
わからない,-,-,-,-,-,-,-,-,-,-,-,-,-
Ｑ３〔ネット利用項目（Ｆ１携帯ゲーム／ＭＡ）〕,,,,,,,,,,,,,
コミニュケーション,-,-,-,-,-,-,-,-,-,-,-,-,-
ニュース,-,-,-,-,-,-,-,-,-,-,-,-,-
情報検索,-,-,-,-,-,-,-,-,-,-,-,-,-
地図・ナビゲーション,-,-,-,-,-,-,-,-,-,-,-,-,-
音楽視聴,1    ,-,-,-,-,-,-,-,-,-,100.0    ,-,100.0    
動画視聴,1    ,-,-,-,-,-,-,-,-,-,100.0    ,-,100.0    
電子書籍,-,-,-,-,-,-,-,-,-,-,-,-,-
ゲーム,5    ,40.0    ,-,20.0    ,20.0    ,20.0    ,40.0    ,-,20.0    ,-,20.0    ,20.0    ,200.0    
ショッピング・オークション,-,-,-,-,-,-,-,-,-,-,-,-,-
その他,-,-,-,-,-,-,-,-,-,-,-,-,-
わからない,-,-,-,-,-,-,-,-,-,-,-,-,-
Ｑ３〔ネット利用項目（Ｆ２据置型ゲーム／ＭＡ）〕,,,,,,,,,,,,,
コミニュケーション,-,-,-,-,-,-,-,-,-,-,-,-,-
ニュース,-,-,-,-,-,-,-,-,-,-,-,-,-
情報検索,-,-,-,-,-,-,-,-,-,-,-,-,-
地図・ナビゲーション,-,-,-,-,-,-,-,-,-,-,-,-,-
音楽視聴,-,-,-,-,-,-,-,-,-,-,-,-,-
動画視聴,1    ,100.0    ,-,100.0    ,100.0    ,-,100.0    ,-,100.0    ,-,-,-,500.0    
電子書籍,-,-,-,-,-,-,-,-,-,-,-,-,-
ゲーム,3    ,66.7    ,-,33.3    ,33.3    ,33.3    ,66.7    ,-,33.3    ,-,-,-,266.7    
ショッピング・オークション,-,-,-,-,-,-,-,-,-,-,-,-,-
その他,-,-,-,-,-,-,-,-,-,-,-,-,-
わからない,-,-,-,-,-,-,-,-,-,-,-,-,-
Ｑ３〔ネット利用項目（Ｇ１ネットテレビ／ＭＡ）〕,,,,,,,,,,,,,
コミニュケーション,-,-,-,-,-,-,-,-,-,-,-,-,-
ニュース,-,-,-,-,-,-,-,-,-,-,-,-,-
情報検索,-,-,-,-,-,-,-,-,-,-,-,-,-
地図・ナビゲーション,-,-,-,-,-,-,-,-,-,-,-,-,-
音楽視聴,-,-,-,-,-,-,-,-,-,-,-,-,-
動画視聴,-,-,-,-,-,-,-,-,-,-,-,-,-
電子書籍,-,-,-,-,-,-,-,-,-,-,-,-,-
ゲーム,-,-,-,-,-,-,-,-,-,-,-,-,-
ショッピング・オークション,-,-,-,-,-,-,-,-,-,-,-,-,-
その他,-,-,-,-,-,-,-,-,-,-,-,-,-
わからない,1    ,100.0    ,-,100.0    ,100.0    ,-,100.0    ,-,100.0    ,-,-,-,500.0    
Ｑ４〔ネット利用時間（Ａ１〜Ｇ１の合計時間〕,,,,,,,,,,,,,
使っていない,2    ,-,-,50.0    ,-,-,-,-,50.0    ,-,50.0    ,-,150.0    
３０分未満,3    ,66.7    ,-,33.3    ,-,-,-,-,-,-,-,-,100.0    
３０分以上１時間未満,4    ,75.0    ,-,25.0    ,25.0    ,50.0    ,50.0    ,-,50.0    ,-,-,-,275.0    
１時間以上２時間未満,11    ,63.6    ,-,36.4    ,9.1    ,27.3    ,18.2    ,-,54.5    ,-,9.1    ,18.2    ,236.4    
２時間以上３時間未満,2    ,100.0    ,50.0    ,100.0    ,100.0    ,50.0    ,100.0    ,-,50.0    ,-,-,-,550.0    
３時間以上４時間未満,2    ,100.0    ,50.0    ,100.0    ,50.0    ,50.0    ,100.0    ,-,50.0    ,-,-,-,500.0    
４時間以上５時間未満,1    ,100.0    ,-,100.0    ,100.0    ,100.0    ,100.0    ,100.0    ,100.0    ,-,-,-,700.0    
５時間以上６時間未満,-,-,-,-,-,-,-,-,-,-,-,-,-
６時間以上９時間未満,1    ,-,-,-,-,-,-,-,-,-,100.0    ,-,100.0    
９時間以上１２時間未満,1    ,-,-,-,-,100.0    ,100.0    ,-,-,-,-,-,200.0    
１２時間以上１５時間未満,-,-,-,-,-,-,-,-,-,-,-,-,-
１５時間以上１８時間未満,-,-,-,-,-,-,-,-,-,-,-,-,-
１８時間以上２１時間未満,-,-,-,-,-,-,-,-,-,-,-,-,-
２１時間以上２４時間未満,-,-,-,-,-,-,-,-,-,-,-,-,-
２４時間以上,-,-,-,-,-,-,-,-,-,-,-,-,-
わからない,1    ,-,-,-,-,-,-,-,-,-,-,100.0    ,100.0    
２時間以上（計）,7    ,71.4    ,28.6    ,71.4    ,57.1    ,57.1    ,85.7    ,14.3    ,42.9    ,-,14.3    ,-,442.9    
５時間以上（計）,2    ,-,-,-,-,50.0    ,50.0    ,-,-,-,50.0    ,-,150.0    
６時間以上（計）,2    ,-,-,-,-,50.0    ,50.0    ,-,-,-,50.0    ,-,150.0    
１２時間以上（計）,-,-,-,-,-,-,-,-,-,-,-,-,-
１８時間以上（計）,-,-,-,-,-,-,-,-,-,-,-,-,-
Ｑ４〔ネット利用時間（Ａ１スマホ）〕,,,,,,,,,,,,,
使っていない,-,-,-,-,-,-,-,-,-,-,-,-,-
３０分未満,1    ,100.0    ,-,100.0    ,100.0    ,100.0    ,100.0    ,100.0    ,100.0    ,-,-,-,700.0    
３０分以上１時間未満,-,-,-,-,-,-,-,-,-,-,-,-,-
１時間以上２時間未満,1    ,100.0    ,-,-,-,-,-,-,-,-,-,-,100.0    
２時間以上３時間未満,1    ,-,-,-,-,100.0    ,100.0    ,-,-,-,-,-,200.0    
３時間以上４時間未満,-,-,-,-,-,-,-,-,-,-,-,-,-
４時間以上５時間未満,-,-,-,-,-,-,-,-,-,-,-,-,-
５時間以上,-,-,-,-,-,-,-,-,-,-,-,-,-
わからない,-,-,-,-,-,-,-,-,-,-,-,-,-
２時間以上（計）,1    ,-,-,-,-,100.0    ,100.0    ,-,-,-,-,-,200.0    
Ｑ４〔ネット利用時間（Ａ２格安スマホ）〕,,,,,,,,,,,,,
使っていない,-,-,-,-,-,-,-,-,-,-,-,-,-
３０分未満,-,-,-,-,-,-,-,-,-,-,-,-,-
３０分以上１時間未満,-,-,-,-,-,-,-,-,-,-,-,-,-
１時間以上２時間未満,-,-,-,-,-,-,-,-,-,-,-,-,-
２時間以上３時間未満,-,-,-,-,-,-,-,-,-,-,-,-,-
３時間以上４時間未満,-,-,-,-,-,-,-,-,-,-,-,-,-
４時間以上５時間未満,-,-,-,-,-,-,-,-,-,-,-,-,-
５時間以上,-,-,-,-,-,-,-,-,-,-,-,-,-
わからない,-,-,-,-,-,-,-,-,-,-,-,-,-
２時間以上（計）,-,-,-,-,-,-,-,-,-,-,-,-,-
Ｑ４〔ネット利用時間（Ａ３子供スマホ）〕,,,,,,,,,,,,,
使っていない,3    ,-,-,33.3    ,-,-,-,-,33.3    ,-,66.7    ,-,133.3    
３０分未満,6    ,66.7    ,-,33.3    ,16.7    ,16.7    ,33.3    ,-,33.3    ,-,-,-,200.0    
３０分以上１時間未満,1    ,100.0    ,-,-,-,100.0    ,-,-,-,-,-,-,200.0    
１時間以上２時間未満,9    ,66.7    ,-,44.4    ,11.1    ,44.4    ,33.3    ,-,66.7    ,-,11.1    ,-,277.8    
２時間以上３時間未満,2    ,100.0    ,50.0    ,100.0    ,100.0    ,50.0    ,100.0    ,-,50.0    ,-,-,-,550.0    
３時間以上４時間未満,2    ,100.0    ,50.0    ,100.0    ,50.0    ,50.0    ,100.0    ,-,50.0    ,-,-,-,500.0    
４時間以上５時間未満,1    ,100.0    ,-,100.0    ,100.0    ,100.0    ,100.0    ,100.0    ,100.0    ,-,-,-,700.0    
５時間以上,-,-,-,-,-,-,-,-,-,-,-,-,-
わからない,4    ,25.0    ,-,-,-,-,-,-,-,-,-,75.0    ,100.0    
２時間以上（計）,5    ,100.0    ,40.0    ,100.0    ,80.0    ,60.0    ,100.0    ,20.0    ,60.0    ,-,-,-,560.0    
Ｑ４〔ネット利用時間（Ａ４契約切れスマホ）〕,,,,,,,,,,,,,
使っていない,-,-,-,-,-,-,-,-,-,-,-,-,-
３０分未満,1    ,-,-,-,-,100.0    ,100.0    ,-,100.0    ,-,-,-,300.0    
３０分以上１時間未満,-,-,-,-,-,-,-,-,-,-,-,-,-
１時間以上２時間未満,-,-,-,-,-,-,-,-,-,-,-,-,-
２時間以上３時間未満,-,-,-,-,-,-,-,-,-,-,-,-,-
３時間以上４時間未満,-,-,-,-,-,-,-,-,-,-,-,-,-
４時間以上５時間未満,-,-,-,-,-,-,-,-,-,-,-,-,-
５時間以上,-,-,-,-,-,-,-,-,-,-,-,-,-
わからない,-,-,-,-,-,-,-,-,-,-,-,-,-
２時間以上（計）,-,-,-,-,-,-,-,-,-,-,-,-,-
Ｑ４〔ネット利用時間（Ｂ１携帯電話）〕,,,,,,,,,,,,,
使っていない,-,-,-,-,-,-,-,-,-,-,-,-,-
３０分未満,-,-,-,-,-,-,-,-,-,-,-,-,-
３０分以上１時間未満,-,-,-,-,-,-,-,-,-,-,-,-,-
１時間以上２時間未満,-,-,-,-,-,-,-,-,-,-,-,-,-
２時間以上３時間未満,1    ,-,-,-,-,100.0    ,100.0    ,-,-,-,-,-,200.0    
３時間以上４時間未満,-,-,-,-,-,-,-,-,-,-,-,-,-
４時間以上５時間未満,-,-,-,-,-,-,-,-,-,-,-,-,-
５時間以上,-,-,-,-,-,-,-,-,-,-,-,-,-
わからない,-,-,-,-,-,-,-,-,-,-,-,-,-
２時間以上（計）,1    ,-,-,-,-,100.0    ,100.0    ,-,-,-,-,-,200.0    
Ｑ４〔ネット利用時間（Ｂ２子ども向け携帯等）〕,,,,,,,,,,,,,
使っていない,-,-,-,-,-,-,-,-,-,-,-,-,-
３０分未満,-,-,-,-,-,-,-,-,-,-,-,-,-
３０分以上１時間未満,-,-,-,-,-,-,-,-,-,-,-,-,-
１時間以上２時間未満,-,-,-,-,-,-,-,-,-,-,-,-,-
２時間以上３時間未満,-,-,-,-,-,-,-,-,-,-,-,-,-
３時間以上４時間未満,-,-,-,-,-,-,-,-,-,-,-,-,-
４時間以上５時間未満,-,-,-,-,-,-,-,-,-,-,-,-,-
５時間以上,-,-,-,-,-,-,-,-,-,-,-,-,-
わからない,-,-,-,-,-,-,-,-,-,-,-,-,-
２時間以上（計）,-,-,-,-,-,-,-,-,-,-,-,-,-
Ｑ４〔ネット利用時間（Ｃ１ノートＰＣ）〕,,,,,,,,,,,,,
使っていない,1    ,100.0    ,-,-,-,100.0    ,-,-,-,-,-,-,200.0    
３０分未満,-,-,-,-,-,-,-,-,-,-,-,-,-
３０分以上１時間未満,1    ,100.0    ,-,100.0    ,100.0    ,-,100.0    ,-,100.0    ,-,-,-,500.0    
１時間以上２時間未満,-,-,-,-,-,-,-,-,-,-,-,-,-
２時間以上３時間未満,1    ,-,-,-,-,100.0    ,100.0    ,-,-,-,-,-,200.0    
３時間以上４時間未満,-,-,-,-,-,-,-,-,-,-,-,-,-
４時間以上５時間未満,-,-,-,-,-,-,-,-,-,-,-,-,-
５時間以上,-,-,-,-,-,-,-,-,-,-,-,-,-
わからない,-,-,-,-,-,-,-,-,-,-,-,-,-
２時間以上（計）,1    ,-,-,-,-,100.0    ,100.0    ,-,-,-,-,-,200.0    
Ｑ４〔ネット利用時間（Ｃ２デスクトップＰＣ）〕,,,,,,,,,,,,,
使っていない,-,-,-,-,-,-,-,-,-,-,-,-,-
３０分未満,-,-,-,-,-,-,-,-,-,-,-,-,-
３０分以上１時間未満,-,-,-,-,-,-,-,-,-,-,-,-,-
１時間以上２時間未満,1    ,-,-,-,-,-,-,-,-,-,-,100.0    ,100.0    
２時間以上３時間未満,-,-,-,-,-,-,-,-,-,-,-,-,-
３時間以上４時間未満,-,-,-,-,-,-,-,-,-,-,-,-,-
４時間以上５時間未満,-,-,-,-,-,-,-,-,-,-,-,-,-
５時間以上,-,-,-,-,-,-,-,-,-,-,-,-,-
わからない,1    ,100.0    ,-,-,-,-,-,-,-,-,-,-,100.0    
２時間以上（計）,-,-,-,-,-,-,-,-,-,-,-,-,-
Ｑ４〔ネット利用時間（Ｄ１タブレット）〕,,,,,,,,,,,,,
使っていない,-,-,-,-,-,-,-,-,-,-,-,-,-
３０分未満,-,-,-,-,-,-,-,-,-,-,-,-,-
３０分以上１時間未満,1    ,100.0    ,-,-,-,-,-,-,-,-,-,-,100.0    
１時間以上２時間未満,-,-,-,-,-,-,-,-,-,-,-,-,-
２時間以上３時間未満,-,-,-,-,-,-,-,-,-,-,-,-,-
３時間以上４時間未満,1    ,-,-,-,-,-,-,-,-,-,100.0    ,-,100.0    
４時間以上５時間未満,-,-,-,-,-,-,-,-,-,-,-,-,-
５時間以上,-,-,-,-,-,-,-,-,-,-,-,-,-
わからない,1    ,100.0    ,-,-,-,100.0    ,-,-,-,-,-,-,200.0    
２時間以上（計）,1    ,-,-,-,-,-,-,-,-,-,100.0    ,-,100.0    
Ｑ４〔ネット利用時間（Ｄ２学習用タブレット）〕,,,,,,,,,,,,,
使っていない,-,-,-,-,-,-,-,-,-,-,-,-,-
３０分未満,-,-,-,-,-,-,-,-,-,-,-,-,-
３０分以上１時間未満,1    ,-,-,-,-,-,-,-,-,-,100.0    ,-,100.0    
１時間以上２時間未満,-,-,-,-,-,-,-,-,-,-,-,-,-
２時間以上３時間未満,-,-,-,-,-,-,-,-,-,-,-,-,-
３時間以上４時間未満,-,-,-,-,-,-,-,-,-,-,-,-,-
４時間以上５時間未満,-,-,-,-,-,-,-,-,-,-,-,-,-
５時間以上,-,-,-,-,-,-,-,-,-,-,-,-,-
わからない,-,-,-,-,-,-,-,-,-,-,-,-,-
２時間以上（計）,-,-,-,-,-,-,-,-,-,-,-,-,-
Ｑ４〔ネット利用時間（Ｄ３娯楽用タブレット）〕,,,,,,,,,,,,,
使っていない,-,-,-,-,-,-,-,-,-,-,-,-,-
３０分未満,-,-,-,-,-,-,-,-,-,-,-,-,-
３０分以上１時間未満,-,-,-,-,-,-,-,-,-,-,-,-,-
１時間以上２時間未満,-,-,-,-,-,-,-,-,-,-,-,-,-
２時間以上３時間未満,-,-,-,-,-,-,-,-,-,-,-,-,-
３時間以上４時間未満,-,-,-,-,-,-,-,-,-,-,-,-,-
４時間以上５時間未満,-,-,-,-,-,-,-,-,-,-,-,-,-
５時間以上,-,-,-,-,-,-,-,-,-,-,-,-,-
わからない,-,-,-,-,-,-,-,-,-,-,-,-,-
２時間以上（計）,-,-,-,-,-,-,-,-,-,-,-,-,-
Ｑ４〔ネット利用時間（Ｅ１携帯音楽プレイヤー）〕,,,,,,,,,,,,,
使っていない,1    ,100.0    ,-,100.0    ,100.0    ,-,100.0    ,-,100.0    ,-,-,-,500.0    
３０分未満,-,-,-,-,-,-,-,-,-,-,-,-,-
３０分以上１時間未満,-,-,-,-,-,-,-,-,-,-,-,-,-
１時間以上２時間未満,-,-,-,-,-,-,-,-,-,-,-,-,-
２時間以上３時間未満,-,-,-,-,-,-,-,-,-,-,-,-,-
３時間以上４時間未満,-,-,-,-,-,-,-,-,-,-,-,-,-
４時間以上５時間未満,-,-,-,-,-,-,-,-,-,-,-,-,-
５時間以上,-,-,-,-,-,-,-,-,-,-,-,-,-
わからない,-,-,-,-,-,-,-,-,-,-,-,-,-
２時間以上（計）,-,-,-,-,-,-,-,-,-,-,-,-,-
Ｑ４〔ネット利用時間（Ｆ１携帯ゲーム）〕,,,,,,,,,,,,,
使っていない,1    ,100.0    ,-,100.0    ,100.0    ,-,100.0    ,-,100.0    ,-,-,-,500.0    
３０分未満,1    ,100.0    ,-,-,-,-,-,-,-,-,-,-,100.0    
３０分以上１時間未満,-,-,-,-,-,-,-,-,-,-,-,-,-
１時間以上２時間未満,1    ,-,-,-,-,-,-,-,-,-,-,100.0    ,100.0    
２時間以上３時間未満,1    ,-,-,-,-,100.0    ,100.0    ,-,-,-,-,-,200.0    
３時間以上４時間未満,-,-,-,-,-,-,-,-,-,-,-,-,-
４時間以上５時間未満,1    ,-,-,-,-,-,-,-,-,-,100.0    ,-,100.0    
５時間以上,-,-,-,-,-,-,-,-,-,-,-,-,-
わからない,-,-,-,-,-,-,-,-,-,-,-,-,-
２時間以上（計）,2    ,-,-,-,-,50.0    ,50.0    ,-,-,-,50.0    ,-,150.0    
Ｑ４〔ネット利用時間（Ｆ２据置型ゲーム）〕,,,,,,,,,,,,,
使っていない,2    ,100.0    ,-,50.0    ,50.0    ,-,50.0    ,-,50.0    ,-,-,-,300.0    
３０分未満,-,-,-,-,-,-,-,-,-,-,-,-,-
３０分以上１時間未満,-,-,-,-,-,-,-,-,-,-,-,-,-
１時間以上２時間未満,1    ,-,-,-,-,100.0    ,100.0    ,-,-,-,-,-,200.0    
２時間以上３時間未満,-,-,-,-,-,-,-,-,-,-,-,-,-
３時間以上４時間未満,-,-,-,-,-,-,-,-,-,-,-,-,-
４時間以上５時間未満,-,-,-,-,-,-,-,-,-,-,-,-,-
５時間以上,-,-,-,-,-,-,-,-,-,-,-,-,-
わからない,-,-,-,-,-,-,-,-,-,-,-,-,-
２時間以上（計）,-,-,-,-,-,-,-,-,-,-,-,-,-
Ｑ４〔ネット利用時間（Ｇ１ネットテレビ）〕,,,,,,,,,,,,,
使っていない,1    ,100.0    ,-,100.0    ,100.0    ,-,100.0    ,-,100.0    ,-,-,-,500.0    
３０分未満,-,-,-,-,-,-,-,-,-,-,-,-,-
３０分以上１時間未満,-,-,-,-,-,-,-,-,-,-,-,-,-
１時間以上２時間未満,-,-,-,-,-,-,-,-,-,-,-,-,-
２時間以上３時間未満,-,-,-,-,-,-,-,-,-,-,-,-,-
３時間以上４時間未満,-,-,-,-,-,-,-,-,-,-,-,-,-
４時間以上５時間未満,-,-,-,-,-,-,-,-,-,-,-,-,-
５時間以上,-,-,-,-,-,-,-,-,-,-,-,-,-
わからない,-,-,-,-,-,-,-,-,-,-,-,-,-
２時間以上（計）,-,-,-,-,-,-,-,-,-,-,-,-,-
Ｑ５〔無線ＬＡＮ利用状況（無線ＬＡＮ利用まとめ）〕,,,,,,,,,,,,,
スマートフォン,1    ,-,-,-,-,100.0    ,100.0    ,-,-,-,-,-,200.0    
格安スマートフォン,-,-,-,-,-,-,-,-,-,-,-,-,-
機能限定・子供向けスマートフォン,11    ,81.8    ,18.2    ,45.5    ,36.4    ,54.5    ,72.7    ,9.1    ,36.4    ,-,9.1    ,-,363.6    
契約切れスマートフォン,-,-,-,-,-,-,-,-,-,-,-,-,-
携帯電話,1    ,-,-,-,-,100.0    ,100.0    ,-,-,-,-,-,200.0    
機能限定電話・子ども向け携帯電話,-,-,-,-,-,-,-,-,-,-,-,-,-
ノートパソコン,2    ,50.0    ,-,-,-,100.0    ,50.0    ,-,-,-,-,-,200.0    
デスクトップパソコン,-,-,-,-,-,-,-,-,-,-,-,-,-
タブレット,3    ,66.7    ,-,-,-,33.3    ,-,-,-,-,33.3    ,-,133.3    
学習用タブレット,1    ,-,-,-,-,-,-,-,-,-,100.0    ,-,100.0    
子供向け娯楽用タブレット,-,-,-,-,-,-,-,-,-,-,-,-,-
携帯音楽プレイヤー,-,-,-,-,-,-,-,-,-,-,-,-,-
携帯ゲーム機,1    ,-,-,-,-,-,-,-,-,-,100.0    ,-,100.0    
据置型ゲーム機,-,-,-,-,-,-,-,-,-,-,-,-,-
インターネット接続テレビ,-,-,-,-,-,-,-,-,-,-,-,-,-
無線ＬＡＮ利用（計）,28    ,60.7    ,7.1    ,42.9    ,21.4    ,32.1    ,35.7    ,3.6    ,42.9    ,-,10.7    ,10.7    ,267.9    
無線ＬＡＮ非利用,-,-,-,-,-,-,-,-,-,-,-,-,-
Ａスマートフォン（計）,11    ,81.8    ,18.2    ,45.5    ,36.4    ,54.5    ,72.7    ,9.1    ,36.4    ,-,9.1    ,-,363.6    
Ｂ携帯電話（計）,1    ,-,-,-,-,100.0    ,100.0    ,-,-,-,-,-,200.0    
Ｃパソコン（計）,2    ,50.0    ,-,-,-,100.0    ,50.0    ,-,-,-,-,-,200.0    
Ｄタブレット（計）,3    ,66.7    ,-,-,-,33.3    ,-,-,-,-,33.3    ,-,133.3    
Ｅ携帯音楽プレイヤー,-,-,-,-,-,-,-,-,-,-,-,-,-
Ｆゲーム機（計）,1    ,-,-,-,-,-,-,-,-,-,100.0    ,-,100.0    
Ｇインターネット接続テレビ,-,-,-,-,-,-,-,-,-,-,-,-,-
Ａ・Ｂスマートフォン・携帯電話（計）,11    ,81.8    ,18.2    ,45.5    ,36.4    ,54.5    ,72.7    ,9.1    ,36.4    ,-,9.1    ,-,363.6    
Ａ・Ｂ機能限定や子供向け（計）,11    ,81.8    ,18.2    ,45.5    ,36.4    ,54.5    ,72.7    ,9.1    ,36.4    ,-,9.1    ,-,363.6    
Ａ・Ｂ機能限定や子供向け以外（計）,1    ,-,-,-,-,100.0    ,100.0    ,-,-,-,-,-,200.0    
Ｑ５〔無線ＬＡＮ利用状況（Ａ１スマホ〜Ｇ１インターネット接続テレビ計）〕,,,,,,,,,,,,,
使っている（計）,12    ,83.3    ,16.7    ,41.7    ,33.3    ,50.0    ,66.7    ,8.3    ,33.3    ,-,8.3    ,-,341.7    
使うことはない（計）,16    ,62.5    ,-,43.8    ,25.0    ,25.0    ,31.3    ,6.3    ,56.3    ,-,6.3    ,6.3    ,262.5    
わからない（計）,8    ,37.5    ,-,37.5    ,12.5    ,12.5    ,12.5    ,-,25.0    ,-,12.5    ,37.5    ,187.5    
Ｑ５〔無線ＬＡＮ利用状況（Ａ１スマホ）〕,,,,,,,,,,,,,
使っている,1    ,-,-,-,-,100.0    ,100.0    ,-,-,-,-,-,200.0    
使うことはない,2    ,100.0    ,-,50.0    ,50.0    ,50.0    ,50.0    ,50.0    ,50.0    ,-,-,-,400.0    
わからない,-,-,-,-,-,-,-,-,-,-,-,-,-
Ｑ５〔無線ＬＡＮ利用状況（Ａ２格安スマホ）〕,,,,,,,,,,,,,
使っている,-,-,-,-,-,-,-,-,-,-,-,-,-
使うことはない,-,-,-,-,-,-,-,-,-,-,-,-,-
わからない,-,-,-,-,-,-,-,-,-,-,-,-,-
Ｑ５〔無線ＬＡＮ利用状況（Ａ３子供スマホ）〕,,,,,,,,,,,,,
使っている,11    ,81.8    ,18.2    ,45.5    ,36.4    ,54.5    ,72.7    ,9.1    ,36.4    ,-,9.1    ,-,363.6    
使うことはない,10    ,60.0    ,-,40.0    ,10.0    ,20.0    ,10.0    ,-,60.0    ,-,10.0    ,-,210.0    
わからない,7    ,28.6    ,-,42.9    ,14.3    ,14.3    ,14.3    ,-,28.6    ,-,14.3    ,42.9    ,200.0    
Ｑ５〔無線ＬＡＮ利用状況（Ａ４契約切れスマホ）〕,,,,,,,,,,,,,
使っている,-,-,-,-,-,-,-,-,-,-,-,-,-
使うことはない,1    ,-,-,-,-,100.0    ,100.0    ,-,100.0    ,-,-,-,300.0    
わからない,-,-,-,-,-,-,-,-,-,-,-,-,-
Ｑ５〔無線ＬＡＮ利用状況（Ｂ１携帯電話）〕,,,,,,,,,,,,,
使っている,1    ,-,-,-,-,100.0    ,100.0    ,-,-,-,-,-,200.0    
使うことはない,-,-,-,-,-,-,-,-,-,-,-,-,-
わからない,-,-,-,-,-,-,-,-,-,-,-,-,-
Ｑ５〔無線ＬＡＮ利用状況（Ｂ２子ども向け携帯等）〕,,,,,,,,,,,,,
使っている,-,-,-,-,-,-,-,-,-,-,-,-,-
使うことはない,-,-,-,-,-,-,-,-,-,-,-,-,-
わからない,-,-,-,-,-,-,-,-,-,-,-,-,-
Ｑ５〔無線ＬＡＮ利用状況（Ｃ１ノートＰＣ）〕,,,,,,,,,,,,,
使っている,2    ,50.0    ,-,-,-,100.0    ,50.0    ,-,-,-,-,-,200.0    
使うことはない,-,-,-,-,-,-,-,-,-,-,-,-,-
わからない,1    ,100.0    ,-,100.0    ,100.0    ,-,100.0    ,-,100.0    ,-,-,-,500.0    
Ｑ５〔無線ＬＡＮ利用状況（Ｃ２デスクトップＰＣ）〕,,,,,,,,,,,,,
使っている,-,-,-,-,-,-,-,-,-,-,-,-,-
使うことはない,-,-,-,-,-,-,-,-,-,-,-,-,-
わからない,2    ,50.0    ,-,-,-,-,-,-,-,-,-,50.0    ,100.0    
Ｑ５〔無線ＬＡＮ利用状況（Ｄ１タブレット）〕,,,,,,,,,,,,,
使っている,3    ,66.7    ,-,-,-,33.3    ,-,-,-,-,33.3    ,-,133.3    
使うことはない,-,-,-,-,-,-,-,-,-,-,-,-,-
わからない,-,-,-,-,-,-,-,-,-,-,-,-,-
Ｑ５〔無線ＬＡＮ利用状況（Ｄ２学習用タブレット）〕,,,,,,,,,,,,,
使っている,1    ,-,-,-,-,-,-,-,-,-,100.0    ,-,100.0    
使うことはない,-,-,-,-,-,-,-,-,-,-,-,-,-
わからない,-,-,-,-,-,-,-,-,-,-,-,-,-
Ｑ５〔無線ＬＡＮ利用状況（Ｄ３娯楽用タブレット）〕,,,,,,,,,,,,,
使っている,-,-,-,-,-,-,-,-,-,-,-,-,-
使うことはない,-,-,-,-,-,-,-,-,-,-,-,-,-
わからない,-,-,-,-,-,-,-,-,-,-,-,-,-
Ｑ５〔無線ＬＡＮ利用状況（Ｅ１携帯音楽プレイヤー）〕,,,,,,,,,,,,,
使っている,-,-,-,-,-,-,-,-,-,-,-,-,-
使うことはない,1    ,100.0    ,-,100.0    ,100.0    ,-,100.0    ,-,100.0    ,-,-,-,500.0    
わからない,-,-,-,-,-,-,-,-,-,-,-,-,-
Ｑ５〔無線ＬＡＮ利用状況（Ｆ１携帯ゲーム）〕,,,,,,,,,,,,,
使っている,1    ,-,-,-,-,-,-,-,-,-,100.0    ,-,100.0    
使うことはない,4    ,50.0    ,-,25.0    ,25.0    ,25.0    ,50.0    ,-,25.0    ,-,-,25.0    ,225.0    
わからない,-,-,-,-,-,-,-,-,-,-,-,-,-
Ｑ５〔無線ＬＡＮ利用状況（Ｆ２据置型ゲーム）〕,,,,,,,,,,,,,
使っている,-,-,-,-,-,-,-,-,-,-,-,-,-
使うことはない,3    ,66.7    ,-,33.3    ,33.3    ,33.3    ,66.7    ,-,33.3    ,-,-,-,266.7    
わからない,-,-,-,-,-,-,-,-,-,-,-,-,-
Ｑ５〔無線ＬＡＮ利用状況（Ｇ１ネットテレビ）〕,,,,,,,,,,,,,
使っている,-,-,-,-,-,-,-,-,-,-,-,-,-
使うことはない,-,-,-,-,-,-,-,-,-,-,-,-,-
わからない,1    ,100.0    ,-,100.0    ,100.0    ,-,100.0    ,-,100.0    ,-,-,-,500.0    
Ｑ６〔インターネット利用上での経験〕,,,,,,,,,,,,,
悪口等のメール・メッセージ送られた,-,-,-,-,-,-,-,-,-,-,-,-,-
悪口等のメール・メッセージ送った,-,-,-,-,-,-,-,-,-,-,-,-,-
掲示板で自分や他人の情報書き込んだ,-,-,-,-,-,-,-,-,-,-,-,-,-
親に話しにくいサイトを見た,1    ,-,-,-,-,100.0    ,100.0    ,-,-,-,-,-,200.0    
ゲームなどでお金を使いすぎた,1    ,100.0    ,100.0    ,100.0    ,-,-,100.0    ,-,-,-,-,-,400.0    
差別内容掲載サイトにアクセスする,-,-,-,-,-,-,-,-,-,-,-,-,-
知らない人や、お店からメール来た,2    ,100.0    ,-,100.0    ,100.0    ,50.0    ,100.0    ,50.0    ,100.0    ,-,-,-,600.0    
迷惑メッセージ・メールを送られた,5    ,80.0    ,-,80.0    ,80.0    ,60.0    ,80.0    ,20.0    ,80.0    ,-,-,-,480.0    
ネットで知り合った人とメール等した,1    ,-,-,-,-,100.0    ,100.0    ,-,-,-,-,-,200.0    
ネットで知り合った同性と会った,-,-,-,-,-,-,-,-,-,-,-,-,-
ネットで知り合った異性と会った,-,-,-,-,-,-,-,-,-,-,-,-,-
ネットで知り合った人との関係悩んだ,-,-,-,-,-,-,-,-,-,-,-,-,-
ネットにのめりこんで勉強できない,3    ,66.7    ,-,33.3    ,33.3    ,33.3    ,66.7    ,-,33.3    ,-,-,-,266.7    
その他困ったことがある,2    ,50.0    ,50.0    ,50.0    ,50.0    ,50.0    ,50.0    ,-,-,-,-,50.0    ,350.0    
あてはまるものがある（計）,9    ,77.8    ,22.2    ,66.7    ,55.6    ,44.4    ,66.7    ,11.1    ,44.4    ,-,-,11.1    ,400.0    
あてはまるものはない,19    ,52.6    ,-,31.6    ,5.3    ,26.3    ,21.1    ,-,42.1    ,-,15.8    ,10.5    ,205.3    
わからない,-,-,-,-,-,-,-,-,-,-,-,-,-
Ｑ７〔インターネット利用についての家庭のルール〕,,,,,,,,,,,,,
利用する時間を決めている,13    ,69.2    ,-,38.5    ,15.4    ,30.8    ,23.1    ,-,46.2    ,-,-,23.1    ,246.2    
利用する場所を決めている,8    ,87.5    ,-,50.0    ,25.0    ,37.5    ,37.5    ,-,50.0    ,-,-,12.5    ,300.0    
メール・メッセージを送る相手の制限,4    ,50.0    ,-,-,-,50.0    ,25.0    ,-,-,-,-,25.0    ,150.0    
利用サイト・アプリ内容を決めている,6    ,83.3    ,33.3    ,50.0    ,16.7    ,33.3    ,33.3    ,-,16.7    ,-,-,-,266.7    
送信・投稿内容を決めている,5    ,60.0    ,20.0    ,40.0    ,-,40.0    ,40.0    ,-,-,-,-,-,200.0    
利用者情報を漏れないようにしている,6    ,66.7    ,33.3    ,50.0    ,16.7    ,50.0    ,66.7    ,-,16.7    ,-,-,-,300.0    
料金上限や課金方法を決めている,7    ,85.7    ,28.6    ,42.9    ,28.6    ,57.1    ,71.4    ,14.3    ,28.6    ,-,-,-,357.1    
困ったときはすぐに保護者に連絡する,7    ,85.7    ,14.3    ,57.1    ,28.6    ,42.9    ,57.1    ,-,42.9    ,-,-,-,328.6    
その他,-,-,-,-,-,-,-,-,-,-,-,-,-
ルールを決めている（計）,22    ,72.7    ,9.1    ,45.5    ,22.7    ,31.8    ,40.9    ,4.5    ,36.4    ,-,-,13.6    ,277.3    
特にルールを決めていない,6    ,16.7    ,-,33.3    ,16.7    ,33.3    ,16.7    ,-,66.7    ,-,50.0    ,-,233.3    
わからない,-,-,-,-,-,-,-,-,-,-,-,-,-
Ｑ８〔インターネットに関する啓発や学習の経験〕,,,,,,,,,,,,,
学校で教えてもらった,20    ,65.0    ,5.0    ,50.0    ,25.0    ,40.0    ,45.0    ,5.0    ,45.0    ,-,5.0    ,10.0    ,295.0    
親（保護者）から教えてもらった,16    ,50.0    ,12.5    ,56.3    ,31.3    ,37.5    ,43.8    ,6.3    ,50.0    ,-,6.3    ,18.8    ,312.5    
兄弟・姉妹から教えてもらった,4    ,100.0    ,25.0    ,75.0    ,50.0    ,50.0    ,75.0    ,25.0    ,50.0    ,-,-,-,450.0    
機器の購入時に販売員より説明された,1    ,-,-,-,-,100.0    ,100.0    ,-,-,-,-,-,200.0    
機器の購入時に資料をもらった,4    ,75.0    ,25.0    ,75.0    ,50.0    ,50.0    ,75.0    ,-,50.0    ,-,-,-,400.0    
友だちから教えてもらった,3    ,66.7    ,33.3    ,100.0    ,-,33.3    ,33.3    ,-,66.7    ,-,-,-,333.3    
テレビや本・パンフレットで知った,6    ,83.3    ,33.3    ,66.7    ,50.0    ,50.0    ,100.0    ,-,33.3    ,-,-,-,416.7    
インターネットで知った,2    ,50.0    ,50.0    ,50.0    ,-,50.0    ,100.0    ,-,-,-,-,-,300.0    
その他,-,-,-,-,-,-,-,-,-,-,-,-,-
説明を受けたり学んだりした（計）,24    ,62.5    ,8.3    ,50.0    ,25.0    ,37.5    ,41.7    ,4.2    ,45.8    ,-,4.2    ,12.5    ,291.7    
教えてもらったり学んだりしない,3    ,33.3    ,-,-,-,-,-,-,33.3    ,-,66.7    ,-,133.3    
わからない,1    ,100.0    ,-,-,-,-,-,-,-,-,-,-,100.0    
Ｆ１〔性別〕,,,,,,,,,,,,,
男性,9    ,55.6    ,11.1    ,22.2    ,22.2    ,33.3    ,33.3    ,-,11.1    ,-,11.1    ,22.2    ,222.2    
女性,19    ,63.2    ,5.3    ,52.6    ,21.1    ,31.6    ,36.8    ,5.3    ,57.9    ,-,10.5    ,5.3    ,289.5    
Ｆ２〔年齢〕,,,,,,,,,,,,,
１０歳,5    ,40.0    ,-,40.0    ,-,20.0    ,-,-,60.0    ,-,20.0    ,20.0    ,200.0    
１１歳,3    ,100.0    ,-,-,-,-,-,-,-,-,-,-,100.0    
１２歳,3    ,100.0    ,-,66.7    ,33.3    ,33.3    ,33.3    ,-,66.7    ,-,-,-,333.3    
１３歳,6    ,33.3    ,16.7    ,33.3    ,16.7    ,33.3    ,33.3    ,-,33.3    ,-,33.3    ,16.7    ,250.0    
１４歳,3    ,33.3    ,-,66.7    ,33.3    ,66.7    ,66.7    ,33.3    ,66.7    ,-,-,-,366.7    
１５歳,2    ,100.0    ,-,50.0    ,50.0    ,50.0    ,50.0    ,-,50.0    ,-,-,-,350.0    
１６歳,5    ,60.0    ,20.0    ,60.0    ,40.0    ,40.0    ,60.0    ,-,40.0    ,-,-,20.0    ,340.0    
１７歳,1    ,100.0    ,-,-,-,-,100.0    ,-,-,-,-,-,200.0    
Ｆ１・Ｆ２〔性・年齢別〕,,,,,,,,,,,,,
男性１０歳,2    ,-,-,-,-,-,-,-,-,-,50.0    ,50.0    ,100.0    
  １１歳,1    ,100.0    ,-,-,-,-,-,-,-,-,-,-,100.0    
  １２歳,-,-,-,-,-,-,-,-,-,-,-,-,-
  １３歳,2    ,50.0    ,50.0    ,50.0    ,50.0    ,50.0    ,50.0    ,-,-,-,-,50.0    ,350.0    
  １４歳,-,-,-,-,-,-,-,-,-,-,-,-,-
  １５歳,1    ,100.0    ,-,-,-,-,-,-,-,-,-,-,100.0    
  １６歳,2    ,50.0    ,-,50.0    ,50.0    ,100.0    ,50.0    ,-,50.0    ,-,-,-,350.0    
  １７歳,1    ,100.0    ,-,-,-,-,100.0    ,-,-,-,-,-,200.0    
女性１０歳,3    ,66.7    ,-,66.7    ,-,33.3    ,-,-,100.0    ,-,-,-,266.7    
  １１歳,2    ,100.0    ,-,-,-,-,-,-,-,-,-,-,100.0    
  １２歳,3    ,100.0    ,-,66.7    ,33.3    ,33.3    ,33.3    ,-,66.7    ,-,-,-,333.3    
  １３歳,4    ,25.0    ,-,25.0    ,-,25.0    ,25.0    ,-,50.0    ,-,50.0    ,-,200.0    
  １４歳,3    ,33.3    ,-,66.7    ,33.3    ,66.7    ,66.7    ,33.3    ,66.7    ,-,-,-,366.7    
  １５歳,1    ,100.0    ,-,100.0    ,100.0    ,100.0    ,100.0    ,-,100.0    ,-,-,-,600.0    
  １６歳,3    ,66.7    ,33.3    ,66.7    ,33.3    ,-,66.7    ,-,33.3    ,-,-,33.3    ,333.3    
  １７歳,-,-,-,-,-,-,-,-,-,-,-,-,-
Ｆ３〔学年〕,,,,,,,,,,,,,
小学４年生,4    ,25.0    ,-,25.0    ,-,-,-,-,50.0    ,-,25.0    ,25.0    ,150.0    
小学５年生,3    ,100.0    ,-,33.3    ,-,33.3    ,-,-,33.3    ,-,-,-,200.0    
小学６年生,3    ,100.0    ,-,66.7    ,33.3    ,-,33.3    ,-,66.7    ,-,-,-,300.0    
中学１年生,7    ,42.9    ,14.3    ,28.6    ,14.3    ,42.9    ,28.6    ,-,28.6    ,-,28.6    ,14.3    ,242.9    
中学２年生,2    ,-,-,50.0    ,-,50.0    ,50.0    ,-,50.0    ,-,-,-,200.0    
中学３年生,1    ,100.0    ,-,100.0    ,100.0    ,100.0    ,100.0    ,100.0    ,100.0    ,-,-,-,700.0    
高校１年生,6    ,83.3    ,16.7    ,66.7    ,50.0    ,33.3    ,50.0    ,-,50.0    ,-,-,16.7    ,366.7    
高校２年生,1    ,-,-,-,-,100.0    ,100.0    ,-,-,-,-,-,200.0    
高校３年生,1    ,100.0    ,-,-,-,-,100.0    ,-,-,-,-,-,200.0    
専門学校、各種学校等,-,-,-,-,-,-,-,-,-,-,-,-,-
中学校卒業,-,-,-,-,-,-,-,-,-,-,-,-,-
高校中退,-,-,-,-,-,-,-,-,-,-,-,-,-
専門学校、各種学校等中退・卒業,-,-,-,-,-,-,-,-,-,-,-,-,-
小学生（計）,10    ,70.0    ,-,40.0    ,10.0    ,10.0    ,10.0    ,-,50.0    ,-,10.0    ,10.0    ,210.0    
中学生（計）,10    ,40.0    ,10.0    ,40.0    ,20.0    ,50.0    ,40.0    ,10.0    ,40.0    ,-,20.0    ,10.0    ,280.0    
高校生（計）,8    ,75.0    ,12.5    ,50.0    ,37.5    ,37.5    ,62.5    ,-,37.5    ,-,-,12.5    ,325.0    
その他（計）,-,-,-,-,-,-,-,-,-,-,-,-,-
Ｆ１・Ｆ３〔性・学校種別〕,,,,,,,,,,,,,
小学生男子,3    ,33.3    ,-,-,-,-,-,-,-,-,33.3    ,33.3    ,100.0    
女子,7    ,85.7    ,-,57.1    ,14.3    ,14.3    ,14.3    ,-,71.4    ,-,-,-,257.1    
中学生男子,2    ,50.0    ,50.0    ,50.0    ,50.0    ,50.0    ,50.0    ,-,-,-,-,50.0    ,350.0    
女子,8    ,37.5    ,-,37.5    ,12.5    ,50.0    ,37.5    ,12.5    ,50.0    ,-,25.0    ,-,262.5    
高校生男子,4    ,75.0    ,-,25.0    ,25.0    ,50.0    ,50.0    ,-,25.0    ,-,-,-,250.0    
女子,4    ,75.0    ,25.0    ,75.0    ,50.0    ,25.0    ,75.0    ,-,50.0    ,-,-,25.0    ,400.0    
その他,-,-,-,-,-,-,-,-,-,-,-,-,-
Ｆ４〔兄弟・姉妹の有無〕,,,,,,,,,,,,,
１人以上いる,17    ,64.7    ,11.8    ,52.9    ,29.4    ,47.1    ,52.9    ,5.9    ,47.1    ,-,5.9    ,5.9    ,323.5    
いない,11    ,54.5    ,-,27.3    ,9.1    ,9.1    ,9.1    ,-,36.4    ,-,18.2    ,18.2    ,181.8    
