,,,,,,,,,,,,,,
＜全員に＞,,,,,,,,,,,,,,
〔回答票８〕Ｑ８　あなたは、青少年に不適切（ふてきせつ）なサイト（出会い系サイトやアダルトサイトなど）やネットいじめの問題などインターネットの危険性（きけんせい）について、これまで説明を受けたり学んだりしたことがありますか。この中から、あてはまるものをすべてあげてください。（いくつでも）,,,,,,,,,,,,,,
,,,,,,,,,,,,,,
,,,,,,,,,,,,,,
,青少年分析軸,,,,,,,,,,,,,
,総数,学校で教えてもらった,親（保護者）から教えてもらった,兄弟・姉妹から教えてもらった,機器の購入時に販売員より説明された,機器の購入時に資料をもらった,友だちから教えてもらった,テレビや本・パンフレットで知った,インターネットで知った,その他,説明を受けたり学んだりした（計）,教えてもらったり学んだりしない,わからない,回答計
＊＊【　総　数　】＊＊,3441    ,85.9    ,38.3    ,3.5    ,5.0    ,3.1    ,9.8    ,16.5    ,6.9    ,0.2    ,90.6    ,7.8    ,1.7    ,178.6    
調査方法〔訪問・ＷＥＢ〕,,,,,,,,,,,,,,
訪問面接調査,3385    ,85.8    ,38.2    ,3.5    ,5.0    ,3.0    ,9.5    ,16.4    ,6.7    ,0.2    ,90.5    ,7.8    ,1.6    ,177.8    
ＷＥＢ調査,56    ,89.3    ,41.1    ,8.9    ,5.4    ,7.1    ,28.6    ,25.0    ,16.1    ,-,92.9    ,3.6    ,3.6    ,228.6    
〔性・学校種別〕,,,,,,,,,,,,,,
小学生（計）,1080    ,70.7    ,41.8    ,3.4    ,1.7    ,1.3    ,4.5    ,13.9    ,1.6    ,0.3    ,80.9    ,15.6    ,3.4    ,158.2    
  男子,534    ,68.4    ,41.8    ,3.0    ,1.3    ,1.3    ,4.5    ,13.1    ,1.5    ,0.6    ,80.3    ,15.4    ,4.3    ,155.1    
  女子,546    ,73.1    ,41.8    ,3.8    ,2.0    ,1.3    ,4.6    ,14.7    ,1.6    ,-,81.5    ,15.9    ,2.6    ,161.4    
中学生（計）,1329    ,92.9    ,40.2    ,3.3    ,4.6    ,2.9    ,11.4    ,15.9    ,7.4    ,0.2    ,95.3    ,3.7    ,1.1    ,183.4    
  男子,654    ,91.7    ,38.4    ,2.6    ,4.3    ,3.1    ,11.5    ,15.4    ,8.4    ,0.2    ,94.8    ,3.8    ,1.4    ,180.7    
  女子,675    ,93.9    ,41.9    ,4.0    ,4.9    ,2.7    ,11.3    ,16.3    ,6.5    ,0.1    ,95.7    ,3.6    ,0.7    ,185.9    
高校生（計）,1007    ,93.0    ,32.4    ,3.9    ,9.0    ,4.9    ,12.9    ,20.4    ,11.5    ,0.3    ,94.8    ,4.6    ,0.6    ,193.4    
  男子,491    ,92.1    ,28.7    ,3.3    ,8.1    ,3.9    ,11.8    ,18.5    ,13.0    ,0.2    ,94.1    ,5.3    ,0.6    ,185.5    
  女子,516    ,94.0    ,35.9    ,4.5    ,9.9    ,5.8    ,14.0    ,22.1    ,10.1    ,0.4    ,95.5    ,3.9    ,0.6    ,201.0    
〔啓発学習経験・学校種別〕,,,,,,,,,,,,,,
  説明を受けたり学んだりした,3117    ,94.8    ,42.3    ,3.9    ,5.5    ,3.4    ,10.8    ,18.2    ,7.6    ,0.3    ,100.0    ,-,-,186.8    
  教えてもらったり学んだりしたことはない,267    ,-,-,-,-,-,-,-,-,-,-,100.0    ,-,100.0    
  わからない,57    ,-,-,-,-,-,-,-,-,-,-,-,100.0    ,100.0    
小学生（計）,1080    ,70.7    ,41.8    ,3.4    ,1.7    ,1.3    ,4.5    ,13.9    ,1.6    ,0.3    ,80.9    ,15.6    ,3.4    ,158.2    
  説明を受けたり学んだりした,874    ,87.4    ,51.6    ,4.2    ,2.1    ,1.6    ,5.6    ,17.2    ,1.9    ,0.3    ,100.0    ,-,-,172.0    
  教えてもらったり学んだりしたことはない,169    ,-,-,-,-,-,-,-,-,-,-,100.0    ,-,100.0    
  わからない,37    ,-,-,-,-,-,-,-,-,-,-,-,100.0    ,100.0    
中学生（計）,1329    ,92.9    ,40.2    ,3.3    ,4.6    ,2.9    ,11.4    ,15.9    ,7.4    ,0.2    ,95.3    ,3.7    ,1.1    ,183.4    
  説明を受けたり学んだりした,1266    ,97.5    ,42.2    ,3.5    ,4.8    ,3.0    ,11.9    ,16.7    ,7.8    ,0.2    ,100.0    ,-,-,187.5    
  教えてもらったり学んだりしたことはない,49    ,-,-,-,-,-,-,-,-,-,-,100.0    ,-,100.0    
  わからない,14    ,-,-,-,-,-,-,-,-,-,-,-,100.0    ,100.0    
高校生（計）,1007    ,93.0    ,32.4    ,3.9    ,9.0    ,4.9    ,12.9    ,20.4    ,11.5    ,0.3    ,94.8    ,4.6    ,0.6    ,193.4    
  説明を受けたり学んだりした,955    ,98.1    ,34.1    ,4.1    ,9.5    ,5.1    ,13.6    ,21.5    ,12.1    ,0.3    ,100.0    ,-,-,198.5    
  教えてもらったり学んだりしたことはない,46    ,-,-,-,-,-,-,-,-,-,-,100.0    ,-,100.0    
  わからない,6    ,-,-,-,-,-,-,-,-,-,-,-,100.0    ,100.0    
〔家庭のルール・学校種別〕,,,,,,,,,,,,,,
  ルールを決めている（計）,1651    ,89.5    ,49.5    ,4.5    ,7.5    ,4.8    ,12.3    ,20.8    ,9.7    ,0.2    ,94.8    ,4.2    ,1.0    ,203.9    
  特にルールを決めていない,937    ,87.7    ,22.9    ,2.3    ,4.5    ,2.1    ,8.1    ,13.0    ,7.3    ,0.3    ,90.6    ,8.3    ,1.1    ,157.7    
  わからない,27    ,48.1    ,18.5    ,3.7    ,3.7    ,-,11.1    ,11.1    ,-,-,59.3    ,25.9    ,14.8    ,137.0    
小学生（計）,572    ,72.0    ,46.9    ,4.4    ,2.4    ,1.7    ,4.9    ,15.4    ,2.4    ,0.3    ,84.3    ,13.3    ,2.4    ,166.3    
  ルールを決めている（計）,424    ,73.3    ,52.6    ,4.7    ,2.8    ,2.1    ,4.7    ,15.8    ,2.8    ,0.2    ,86.8    ,11.3    ,1.9    ,172.4    
  特にルールを決めていない,135    ,72.6    ,32.6    ,3.7    ,1.5    ,0.7    ,5.2    ,14.8    ,1.5    ,0.7    ,80.7    ,17.0    ,2.2    ,152.6    
  わからない,13    ,23.1    ,7.7    ,-,-,-,7.7    ,7.7    ,-,-,38.5    ,38.5    ,23.1    ,107.7    
中学生（計）,1055    ,93.3    ,43.2    ,3.4    ,5.7    ,3.5    ,11.9    ,17.3    ,9.2    ,0.1    ,95.9    ,3.1    ,0.9    ,191.8    
  ルールを決めている（計）,731    ,94.5    ,52.0    ,4.4    ,7.1    ,4.5    ,13.7    ,19.7    ,9.7    ,-,97.3    ,1.9    ,0.8    ,208.3    
  特にルールを決めていない,315    ,90.8    ,23.2    ,1.3    ,2.2    ,1.3    ,7.9    ,12.1    ,8.3    ,0.3    ,93.0    ,5.7    ,1.3    ,154.3    
  わからない,9    ,77.8    ,33.3    ,-,11.1    ,-,11.1    ,11.1    ,-,-,88.9    ,11.1    ,-,155.6    
高校生（計）,965    ,93.2    ,31.9    ,3.6    ,9.3    ,5.1    ,12.6    ,20.3    ,11.7    ,0.3    ,94.9    ,4.5    ,0.6    ,193.2    
  ルールを決めている（計）,488    ,96.1    ,43.2    ,4.5    ,11.9    ,7.6    ,16.4    ,27.0    ,15.6    ,0.4    ,98.0    ,1.6    ,0.4    ,224.8    
  特にルールを決めていない,472    ,90.5    ,20.3    ,2.5    ,6.8    ,2.5    ,8.7    ,13.3    ,7.8    ,0.2    ,92.2    ,7.2    ,0.6    ,160.6    
  わからない,5    ,60.0    ,20.0    ,20.0    ,-,-,20.0    ,20.0    ,-,-,60.0    ,20.0    ,20.0    ,180.0    
Ｑ２〔インターネット利用・学校種別〕,,,,,,,,,,,,,,
  インターネット利用（計）,2615    ,88.5    ,39.7    ,3.7    ,6.3    ,3.8    ,10.8    ,17.9    ,8.7    ,0.2    ,92.9    ,5.9    ,1.1    ,186.7    
  インターネット非利用（含わからない）,527    ,77.6    ,36.1    ,2.5    ,0.9    ,0.9    ,6.6    ,13.9    ,1.1    ,0.2    ,85.0    ,12.5    ,2.5    ,154.8    
小学生（計）,909    ,71.0    ,44.2    ,3.5    ,2.0    ,1.4    ,4.6    ,14.6    ,1.9    ,0.2    ,82.5    ,14.6    ,2.9    ,160.9    
  インターネット利用（計）,572    ,72.0    ,46.9    ,4.4    ,2.4    ,1.7    ,4.9    ,15.4    ,2.4    ,0.3    ,84.3    ,13.3    ,2.4    ,166.3    
  インターネット非利用（含わからない）,337    ,69.1    ,39.8    ,2.1    ,1.2    ,0.9    ,4.2    ,13.4    ,0.9    ,-,79.5    ,16.9    ,3.6    ,151.9    
中学生（計）,1216    ,93.2    ,41.1    ,3.4    ,4.9    ,3.1    ,11.6    ,16.8    ,8.0    ,0.2    ,95.7    ,3.4    ,0.9    ,186.5    
  インターネット利用（計）,1055    ,93.3    ,43.2    ,3.4    ,5.7    ,3.5    ,11.9    ,17.3    ,9.2    ,0.1    ,95.9    ,3.1    ,0.9    ,191.8    
  インターネット非利用（含わからない）,161    ,92.5    ,27.3    ,3.1    ,-,0.6    ,9.3    ,13.0    ,-,0.6    ,94.4    ,5.0    ,0.6    ,152.2    
高校生（計）,992    ,93.1    ,32.2    ,3.6    ,9.2    ,4.9    ,12.8    ,20.4    ,11.6    ,0.3    ,95.0    ,4.4    ,0.6    ,193.1    
  インターネット利用（計）,965    ,93.2    ,31.9    ,3.6    ,9.3    ,5.1    ,12.6    ,20.3    ,11.7    ,0.3    ,94.9    ,4.5    ,0.6    ,193.2    
  インターネット非利用（含わからない）,27    ,92.6    ,40.7    ,3.7    ,3.7    ,-,18.5    ,22.2    ,7.4    ,-,96.3    ,3.7    ,-,192.6    
Ｆ４〔兄弟・姉妹の有無〕,,,,,,,,,,,,,,
  １人以上いる,1846    ,86.6    ,36.6    ,6.3    ,4.8    ,3.0    ,8.1    ,15.9    ,6.9    ,0.1    ,90.7    ,7.7    ,1.5    ,177.4    
  いない,1595    ,85.1    ,40.2    ,0.4    ,5.3    ,3.1    ,11.8    ,17.2    ,6.9    ,0.4    ,90.4    ,7.8    ,1.8    ,179.9    
小学生（計）,1080    ,70.7    ,41.8    ,3.4    ,1.7    ,1.3    ,4.5    ,13.9    ,1.6    ,0.3    ,80.9    ,15.6    ,3.4    ,158.2    
  １人以上いる,511    ,74.2    ,40.5    ,6.7    ,0.8    ,0.4    ,2.9    ,13.1    ,1.6    ,-,83.0    ,13.9    ,3.1    ,157.1    
  いない,569    ,67.7    ,42.9    ,0.5    ,2.5    ,2.1    ,6.0    ,14.6    ,1.6    ,0.5    ,79.1    ,17.2    ,3.7    ,159.2    
中学生（計）,1329    ,92.9    ,40.2    ,3.3    ,4.6    ,2.9    ,11.4    ,15.9    ,7.4    ,0.2    ,95.3    ,3.7    ,1.1    ,183.4    
  １人以上いる,740    ,91.2    ,39.1    ,5.8    ,3.9    ,3.0    ,8.6    ,14.6    ,7.0    ,0.3    ,93.8    ,5.0    ,1.2    ,179.7    
  いない,589    ,94.9    ,41.6    ,0.2    ,5.4    ,2.7    ,14.8    ,17.5    ,8.0    ,-,97.1    ,2.0    ,0.8    ,187.9    
高校生（計）,1007    ,93.0    ,32.4    ,3.9    ,9.0    ,4.9    ,12.9    ,20.4    ,11.5    ,0.3    ,94.8    ,4.6    ,0.6    ,193.4    
  １人以上いる,579    ,91.9    ,30.4    ,6.4    ,9.2    ,4.8    ,10.9    ,20.0    ,10.7    ,-,93.8    ,5.7    ,0.5    ,190.5    
  いない,428    ,94.6    ,35.0    ,0.5    ,8.9    ,4.9    ,15.7    ,20.8    ,12.6    ,0.7    ,96.3    ,3.0    ,0.7    ,197.4    
〔地域〕,,,,,,,,,,,,,,
北海道・東北,430    ,82.1    ,34.9    ,3.0    ,5.3    ,5.1    ,10.2    ,18.4    ,8.1    ,0.2    ,88.4    ,9.8    ,1.9    ,179.1    
北関東,540    ,84.4    ,40.4    ,3.3    ,5.6    ,4.4    ,11.5    ,16.9    ,7.2    ,0.6    ,88.3    ,10.0    ,1.7    ,185.9    
南関東,485    ,86.8    ,44.3    ,3.9    ,5.6    ,4.1    ,10.1    ,20.8    ,7.4    ,0.2    ,93.0    ,4.7    ,2.3    ,190.3    
東海・北陸・信越,693    ,87.4    ,33.5    ,2.7    ,5.5    ,3.0    ,7.8    ,13.1    ,6.9    ,-,91.2    ,7.5    ,1.3    ,168.8    
近畿,554    ,83.4    ,41.7    ,3.6    ,4.9    ,0.9    ,8.1    ,13.0    ,6.7    ,0.5    ,88.6    ,9.2    ,2.2    ,174.2    
中国・四国,326    ,86.8    ,39.9    ,4.9    ,4.6    ,1.5    ,11.3    ,20.6    ,6.7    ,-,92.3    ,6.4    ,1.2    ,184.0    
九州・沖縄,413    ,90.6    ,34.1    ,4.1    ,2.9    ,1.9    ,11.1    ,16.2    ,4.8    ,-,93.2    ,5.8    ,1.0    ,172.6    
〔都市規模〕,,,,,,,,,,,,,,
大都市（政令指定都市）,850    ,87.3    ,41.6    ,4.5    ,4.4    ,3.6    ,9.5    ,20.4    ,7.6    ,-,92.0    ,6.8    ,1.2    ,186.9    
人口２０万人以上の市,894    ,86.2    ,40.4    ,3.5    ,4.9    ,3.4    ,9.5    ,15.9    ,7.0    ,0.4    ,90.8    ,7.6    ,1.6    ,180.4    
人口１０万人以上の市,592    ,83.6    ,36.3    ,2.7    ,6.4    ,3.4    ,8.1    ,16.6    ,5.1    ,0.3    ,89.2    ,9.8    ,1.0    ,173.3    
人口１０万人未満の市,796    ,86.1    ,35.6    ,3.6    ,5.5    ,2.4    ,12.6    ,14.4    ,7.9    ,0.1    ,90.1    ,7.4    ,2.5    ,178.1    
郡部（町村）,309    ,84.8    ,33.7    ,2.6    ,2.9    ,1.6    ,7.4    ,12.9    ,5.2    ,0.3    ,90.0    ,7.8    ,2.3    ,161.5    
〔都道府県〕,,,,,,,,,,,,,,
北海道,162    ,90.1    ,39.5    ,2.5    ,6.8    ,4.9    ,10.5    ,21.6    ,11.7    ,-,95.1    ,3.1    ,1.9    ,192.6    
青森県,60    ,83.3    ,18.3    ,5.0    ,1.7    ,1.7    ,10.0    ,28.3    ,8.3    ,1.7    ,90.0    ,10.0    ,-,168.3    
岩手県,30    ,83.3    ,16.7    ,3.3    ,3.3    ,-,-,3.3    ,6.7    ,-,86.7    ,10.0    ,3.3    ,130.0    
宮城県,80    ,67.5    ,32.5    ,2.5    ,6.3    ,3.8    ,10.0    ,10.0    ,1.3    ,-,71.3    ,27.5    ,1.3    ,162.5    
秋田県,26    ,80.8    ,42.3    ,3.8    ,15.4    ,23.1    ,11.5    ,19.2    ,19.2    ,-,88.5    ,11.5    ,-,226.9    
山形県,29    ,75.9    ,37.9    ,6.9    ,-,3.4    ,6.9    ,27.6    ,3.4    ,-,86.2    ,6.9    ,6.9    ,175.9    
福島県,43    ,81.4    ,51.2    ,-,2.3    ,7.0    ,18.6    ,11.6    ,4.7    ,-,95.3    ,2.3    ,2.3    ,181.4    
茨城県,82    ,74.4    ,24.4    ,-,3.7    ,1.2    ,4.9    ,4.9    ,2.4    ,-,79.3    ,18.3    ,2.4    ,136.6    
栃木県,69    ,89.9    ,37.7    ,2.9    ,2.9    ,4.3    ,13.0    ,24.6    ,8.7    ,-,92.8    ,4.3    ,2.9    ,191.3    
群馬県,41    ,85.4    ,63.4    ,2.4    ,4.9    ,-,12.2    ,17.1    ,2.4    ,2.4    ,87.8    ,7.3    ,4.9    ,202.4    
埼玉県,174    ,85.6    ,38.5    ,2.3    ,4.6    ,2.3    ,13.2    ,16.1    ,7.5    ,-,88.5    ,9.8    ,1.7    ,181.6    
千葉県,174    ,85.6    ,45.4    ,6.3    ,8.6    ,9.2    ,12.1    ,20.1    ,9.8    ,1.1    ,90.8    ,9.2    ,-,207.5    
東京都,237    ,89.9    ,43.0    ,2.1    ,3.8    ,3.8    ,10.5    ,23.2    ,7.2    ,0.4    ,94.1    ,4.2    ,1.7    ,189.9    
神奈川県,207    ,85.5    ,46.9    ,6.8    ,7.7    ,4.3    ,10.1    ,20.8    ,7.7    ,-,93.7    ,4.8    ,1.4    ,196.1    
新潟県,66    ,83.3    ,30.3    ,3.0    ,4.5    ,3.0    ,9.1    ,28.8    ,7.6    ,-,89.4    ,10.6    ,-,180.3    
富山県,52    ,92.3    ,28.8    ,-,1.9    ,1.9    ,3.8    ,5.8    ,3.8    ,-,94.2    ,5.8    ,-,144.2    
石川県,28    ,100.0    ,28.6    ,3.6    ,3.6    ,-,10.7    ,21.4    ,7.1    ,-,100.0    ,-,-,175.0    
福井県,34    ,91.2    ,41.2    ,2.9    ,5.9    ,2.9    ,20.6    ,29.4    ,20.6    ,-,97.1    ,2.9    ,-,217.6    
山梨県,41    ,75.6    ,39.0    ,-,4.9    ,4.9    ,7.3    ,7.3    ,7.3    ,-,82.9    ,7.3    ,9.8    ,163.4    
長野県,58    ,87.9    ,25.9    ,1.7    ,5.2    ,5.2    ,10.3    ,8.6    ,10.3    ,-,91.4    ,5.2    ,3.4    ,163.8    
岐阜県,56    ,85.7    ,28.6    ,1.8    ,3.6    ,1.8    ,5.4    ,1.8    ,5.4    ,-,89.3    ,10.7    ,-,144.6    
静岡県,104    ,88.5    ,38.5    ,6.7    ,5.8    ,4.8    ,6.7    ,14.4    ,4.8    ,-,91.3    ,7.7    ,1.0    ,178.8    
愛知県,241    ,87.6    ,37.8    ,2.5    ,6.6    ,3.3    ,7.5    ,12.0    ,6.2    ,-,90.9    ,7.5    ,1.7    ,172.6    
三重県,54    ,77.8    ,24.1    ,-,7.4    ,-,3.7    ,5.6    ,5.6    ,-,85.2    ,11.1    ,3.7    ,138.9    
滋賀県,44    ,81.8    ,31.8    ,-,4.5    ,-,20.5    ,9.1    ,6.8    ,-,86.4    ,13.6    ,-,168.2    
京都府,72    ,80.6    ,40.3    ,4.2    ,1.4    ,1.4    ,5.6    ,23.6    ,2.8    ,1.4    ,86.1    ,8.3    ,5.6    ,175.0    
大阪府,233    ,85.8    ,44.6    ,3.4    ,6.9    ,0.9    ,7.7    ,11.6    ,8.6    ,0.9    ,90.1    ,7.7    ,2.1    ,180.3    
兵庫県,147    ,83.0    ,45.6    ,5.4    ,4.1    ,0.7    ,7.5    ,12.2    ,6.8    ,-,90.5    ,7.5    ,2.0    ,174.8    
奈良県,31    ,74.2    ,38.7    ,3.2    ,3.2    ,-,9.7    ,16.1    ,6.5    ,-,80.6    ,19.4    ,-,171.0    
和歌山県,27    ,85.2    ,18.5    ,-,3.7    ,3.7    ,-,3.7    ,-,-,85.2    ,14.8    ,-,129.6    
鳥取県,14    ,78.6    ,50.0    ,-,-,-,-,14.3    ,-,-,78.6    ,14.3    ,7.1    ,164.3    
島根県,21    ,81.0    ,42.9    ,4.8    ,4.8    ,-,9.5    ,28.6    ,-,-,90.5    ,4.8    ,4.8    ,181.0    
岡山県,65    ,89.2    ,44.6    ,9.2    ,4.6    ,1.5    ,10.8    ,27.7    ,4.6    ,-,95.4    ,4.6    ,-,196.9    
広島県,72    ,87.5    ,52.8    ,1.4    ,4.2    ,1.4    ,12.5    ,22.2    ,4.2    ,-,94.4    ,5.6    ,-,191.7    
山口県,45    ,86.7    ,26.7    ,4.4    ,11.1    ,6.7    ,15.6    ,8.9    ,11.1    ,-,91.1    ,8.9    ,-,180.0    
徳島県,26    ,88.5    ,42.3    ,7.7    ,3.8    ,-,15.4    ,30.8    ,15.4    ,-,96.2    ,3.8    ,-,207.7    
香川県,33    ,84.8    ,21.2    ,3.0    ,-,-,9.1    ,9.1    ,12.1    ,-,87.9    ,6.1    ,6.1    ,151.5    
愛媛県,34    ,88.2    ,26.5    ,8.8    ,2.9    ,-,14.7    ,17.6    ,5.9    ,-,91.2    ,8.8    ,-,173.5    
高知県,16    ,87.5    ,50.0    ,-,6.3    ,-,-,25.0    ,6.3    ,-,93.8    ,6.3    ,-,181.3    
福岡県,155    ,92.9    ,40.0    ,4.5    ,2.6    ,1.9    ,11.6    ,15.5    ,1.9    ,-,95.5    ,4.5    ,-,175.5    
佐賀県,20    ,90.0    ,40.0    ,-,5.0    ,-,20.0    ,25.0    ,10.0    ,-,90.0    ,5.0    ,5.0    ,200.0    
長崎県,44    ,90.9    ,22.7    ,2.3    ,4.5    ,2.3    ,18.2    ,20.5    ,-,-,90.9    ,9.1    ,-,170.5    
熊本県,43    ,93.0    ,18.6    ,2.3    ,2.3    ,-,14.0    ,16.3    ,4.7    ,-,95.3    ,4.7    ,-,155.8    
大分県,31    ,77.4    ,35.5    ,9.7    ,-,-,3.2    ,25.8    ,6.5    ,-,90.3    ,6.5    ,3.2    ,167.7    
宮崎県,40    ,87.5    ,30.0    ,7.5    ,5.0    ,2.5    ,7.5    ,10.0    ,10.0    ,-,87.5    ,10.0    ,2.5    ,172.5    
鹿児島県,33    ,97.0    ,33.3    ,3.0    ,-,3.0    ,3.0    ,9.1    ,6.1    ,-,97.0    ,3.0    ,-,157.6    
沖縄県,47    ,87.2    ,40.4    ,2.1    ,4.3    ,4.3    ,10.6    ,14.9    ,10.6    ,-,91.5    ,6.4    ,2.1    ,183.0    
Ｑ１〔機器の利用状況〕,,,,,,,,,,,,,,
スマートフォン,1541    ,92.1    ,37.0    ,3.7    ,9.5    ,4.7    ,12.8    ,18.5    ,10.3    ,0.2    ,95.1    ,4.2    ,0.7    ,193.6    
格安スマートフォン,22    ,90.9    ,27.3    ,-,4.5    ,4.5    ,4.5    ,9.1    ,4.5    ,-,90.9    ,9.1    ,-,154.5    
機能限定・子供向けスマートフォン,60    ,76.7    ,48.3    ,6.7    ,6.7    ,6.7    ,10.0    ,15.0    ,8.3    ,-,86.7    ,10.0    ,3.3    ,191.7    
契約切れスマートフォン,100    ,81.0    ,40.0    ,5.0    ,3.0    ,1.0    ,9.0    ,16.0    ,9.0    ,-,89.0    ,8.0    ,3.0    ,175.0    
携帯電話,392    ,89.0    ,47.4    ,3.8    ,3.8    ,4.1    ,11.0    ,18.1    ,6.9    ,0.8    ,91.8    ,7.1    ,1.0    ,193.1    
機能限定電話・子ども向け携帯電話,307    ,73.9    ,44.6    ,2.9    ,2.0    ,2.6    ,6.8    ,15.6    ,4.9    ,-,86.0    ,11.7    ,2.3    ,167.4    
ノートパソコン,846    ,90.9    ,43.9    ,4.0    ,7.4    ,3.8    ,12.4    ,20.4    ,11.6    ,0.2    ,94.4    ,4.7    ,0.8    ,200.2    
デスクトップパソコン,409    ,89.0    ,44.3    ,4.9    ,6.1    ,3.4    ,10.5    ,19.6    ,13.4    ,0.2    ,92.9    ,6.4    ,0.7    ,198.5    
タブレット,483    ,87.2    ,43.3    ,4.1    ,5.6    ,2.9    ,11.6    ,16.1    ,8.9    ,0.4    ,93.0    ,5.6    ,1.4    ,187.2    
学習用タブレット,202    ,87.1    ,51.5    ,4.0    ,5.9    ,4.0    ,10.4    ,21.8    ,8.4    ,-,93.6    ,5.4    ,1.0    ,199.5    
子供向け娯楽用タブレット,9    ,88.9    ,33.3    ,-,22.2    ,-,11.1    ,11.1    ,11.1    ,-,100.0    ,-,-,177.8    
携帯音楽プレイヤー,875    ,92.9    ,42.2    ,4.9    ,7.7    ,4.7    ,13.8    ,22.9    ,11.5    ,0.5    ,95.4    ,3.9    ,0.7    ,205.6    
携帯ゲーム機,1495    ,84.9    ,41.0    ,3.5    ,5.2    ,3.4    ,10.4    ,18.5    ,8.2    ,0.2    ,90.2    ,8.0    ,1.7    ,185.0    
据置型ゲーム機,891    ,86.5    ,43.7    ,3.9    ,5.5    ,3.9    ,11.7    ,20.3    ,10.7    ,0.2    ,91.9    ,6.5    ,1.6    ,194.5    
インターネット接続テレビ,114    ,89.5    ,42.1    ,7.0    ,7.9    ,7.0    ,10.5    ,23.7    ,21.1    ,0.9    ,93.0    ,4.4    ,2.6    ,216.7    
利用している（計）,3142    ,86.6    ,39.1    ,3.5    ,5.4    ,3.3    ,10.1    ,17.2    ,7.4    ,0.2    ,91.6    ,7.0    ,1.4    ,181.3    
いずれも利用していない,299    ,77.9    ,30.1    ,3.7    ,0.3    ,0.3    ,6.7    ,9.0    ,1.0    ,0.3    ,79.9    ,15.4    ,4.7    ,149.5    
Ａスマートフォン（計）,1678    ,90.8    ,37.5    ,3.8    ,8.8    ,4.6    ,12.5    ,17.9    ,10.0    ,0.2    ,94.4    ,4.6    ,1.0    ,191.7    
Ｂ携帯電話（計）,694    ,82.3    ,46.0    ,3.5    ,2.9    ,3.2    ,8.9    ,16.6    ,5.9    ,0.4    ,89.2    ,9.2    ,1.6    ,180.4    
Ｃパソコン（計）,1202    ,90.3    ,43.8    ,4.2    ,6.8    ,3.5    ,11.6    ,20.5    ,12.1    ,0.2    ,94.1    ,5.2    ,0.7    ,199.0    
Ｄタブレット（計）,666    ,87.2    ,45.8    ,4.1    ,5.9    ,3.2    ,10.8    ,17.7    ,8.6    ,0.3    ,93.2    ,5.4    ,1.4    ,190.2    
Ｅ携帯音楽プレイヤー,875    ,92.9    ,42.2    ,4.9    ,7.7    ,4.7    ,13.8    ,22.9    ,11.5    ,0.5    ,95.4    ,3.9    ,0.7    ,205.6    
Ｆゲーム機（計）,1679    ,85.2    ,41.2    ,3.6    ,5.3    ,3.7    ,10.8    ,19.2    ,8.6    ,0.2    ,90.6    ,7.7    ,1.7    ,187.1    
Ｇインターネット接続テレビ,114    ,89.5    ,42.1    ,7.0    ,7.9    ,7.0    ,10.5    ,23.7    ,21.1    ,0.9    ,93.0    ,4.4    ,2.6    ,216.7    
Ａ・Ｂスマートフォン・携帯電話（計）,2285    ,88.5    ,39.6    ,3.5    ,7.1    ,4.1    ,11.5    ,17.6    ,8.8    ,0.3    ,93.0    ,6.0    ,1.1    ,188.2    
Ａ・Ｂ機能限定や子供向け（計）,367    ,74.4    ,45.2    ,3.5    ,2.7    ,3.3    ,7.4    ,15.5    ,5.4    ,-,86.1    ,11.4    ,2.5    ,171.4    
Ａ・Ｂ機能限定や子供向け以外（計）,1966    ,91.0    ,39.0    ,3.6    ,8.0    ,4.4    ,12.3    ,18.2    ,9.5    ,0.3    ,94.3    ,4.9    ,0.8    ,192.0    
【全数】Ｑ２〔ネット利用状況（ネット利用まとめ）〕,,,,,,,,,,,,,,
スマートフォン,1475    ,92.5    ,36.6    ,3.6    ,9.8    ,4.9    ,12.7    ,18.5    ,10.5    ,0.1    ,95.2    ,4.1    ,0.7    ,194.2    
格安スマートフォン,19    ,94.7    ,26.3    ,-,5.3    ,5.3    ,-,10.5    ,5.3    ,-,94.7    ,5.3    ,-,152.6    
機能限定・子供向けスマートフォン,28    ,71.4    ,57.1    ,14.3    ,3.6    ,14.3    ,10.7    ,21.4    ,7.1    ,-,85.7    ,10.7    ,3.6    ,214.3    
契約切れスマートフォン,73    ,79.5    ,42.5    ,4.1    ,2.7    ,1.4    ,6.8    ,11.0    ,8.2    ,-,89.0    ,9.6    ,1.4    ,167.1    
携帯電話,120    ,88.3    ,46.7    ,4.2    ,8.3    ,5.8    ,11.7    ,20.8    ,8.3    ,0.8    ,90.0    ,10.0    ,-,205.0    
機能限定電話・子ども向け携帯電話,30    ,66.7    ,40.0    ,6.7    ,-,3.3    ,6.7    ,13.3    ,3.3    ,-,76.7    ,20.0    ,3.3    ,163.3    
ノートパソコン,793    ,90.5    ,44.1    ,4.0    ,7.3    ,3.8    ,11.9    ,20.9    ,11.9    ,0.3    ,94.2    ,4.9    ,0.9    ,200.5    
デスクトップパソコン,380    ,89.7    ,45.5    ,4.7    ,5.8    ,3.4    ,10.3    ,20.0    ,13.7    ,0.3    ,93.9    ,5.5    ,0.5    ,199.5    
タブレット,434    ,88.7    ,44.2    ,4.4    ,5.5    ,2.8    ,12.0    ,16.6    ,9.4    ,0.5    ,93.8    ,5.1    ,1.2    ,190.3    
学習用タブレット,139    ,88.5    ,55.4    ,5.0    ,5.0    ,4.3    ,13.7    ,24.5    ,10.1    ,-,93.5    ,5.0    ,1.4    ,212.9    
子供向け娯楽用タブレット,6    ,100.0    ,33.3    ,-,33.3    ,-,16.7    ,16.7    ,-,-,100.0    ,-,-,200.0    
携帯音楽プレイヤー,327    ,92.7    ,46.8    ,4.3    ,7.3    ,4.3    ,10.7    ,20.5    ,13.1    ,0.3    ,95.4    ,4.0    ,0.6    ,204.6    
携帯ゲーム機,638    ,85.6    ,42.8    ,3.4    ,4.5    ,3.9    ,10.0    ,19.6    ,9.6    ,0.2    ,90.9    ,7.4    ,1.7    ,188.7    
据置型ゲーム機,266    ,89.8    ,44.7    ,2.3    ,6.0    ,5.3    ,14.7    ,21.8    ,18.0    ,-,94.4    ,4.9    ,0.8    ,208.3    
インターネット接続テレビ,58    ,86.2    ,36.2    ,3.4    ,6.9    ,3.4    ,10.3    ,19.0    ,17.2    ,-,91.4    ,5.2    ,3.4    ,191.4    
インターネット利用（計）,2615    ,88.5    ,39.7    ,3.7    ,6.3    ,3.8    ,10.8    ,17.9    ,8.7    ,0.2    ,92.9    ,5.9    ,1.1    ,186.7    
インターネット非利用,527    ,77.6    ,36.1    ,2.5    ,0.9    ,0.9    ,6.6    ,13.9    ,1.1    ,0.2    ,85.0    ,12.5    ,2.5    ,154.8    
モバイル機器（計）,2548    ,88.6    ,39.6    ,3.8    ,6.4    ,3.8    ,10.8    ,17.8    ,8.8    ,0.2    ,92.9    ,5.9    ,1.2    ,187.0    
据置型機器（計）,611    ,89.7    ,44.5    ,3.8    ,6.4    ,4.1    ,11.6    ,19.8    ,13.9    ,0.2    ,94.1    ,5.1    ,0.8    ,199.8    
Ａスマートフォン（計）,1573    ,91.6    ,37.0    ,3.8    ,9.3    ,4.8    ,12.5    ,18.0    ,10.1    ,0.1    ,94.7    ,4.5    ,0.8    ,192.4    
Ｂ携帯電話（計）,150    ,84.0    ,45.3    ,4.7    ,6.7    ,5.3    ,10.7    ,19.3    ,7.3    ,0.7    ,87.3    ,12.0    ,0.7    ,196.7    
Ｃパソコン（計）,1129    ,90.4    ,44.5    ,4.3    ,6.6    ,3.5    ,11.2    ,20.9    ,12.3    ,0.3    ,94.3    ,5.0    ,0.7    ,199.8    
Ｄタブレット（計）,562    ,88.8    ,46.8    ,4.4    ,5.7    ,3.2    ,11.7    ,18.5    ,9.3    ,0.4    ,93.6    ,5.2    ,1.2    ,195.2    
Ｅ携帯音楽プレイヤー,327    ,92.7    ,46.8    ,4.3    ,7.3    ,4.3    ,10.7    ,20.5    ,13.1    ,0.3    ,95.4    ,4.0    ,0.6    ,204.6    
Ｆゲーム機（計）,719    ,86.2    ,43.3    ,3.3    ,5.0    ,4.3    ,10.7    ,20.2    ,11.3    ,0.1    ,91.5    ,7.0    ,1.5    ,192.9    
Ｇインターネット接続テレビ,58    ,86.2    ,36.2    ,3.4    ,6.9    ,3.4    ,10.3    ,19.0    ,17.2    ,-,91.4    ,5.2    ,3.4    ,191.4    
Ａ・Ｂスマートフォン・携帯電話（計）,1704    ,91.1    ,37.5    ,3.8    ,9.0    ,4.8    ,12.4    ,18.1    ,9.9    ,0.2    ,94.2    ,5.0    ,0.8    ,192.7    
Ａ・Ｂ機能限定や子供向け（計）,58    ,69.0    ,48.3    ,10.3    ,1.7    ,8.6    ,8.6    ,17.2    ,5.2    ,-,81.0    ,15.5    ,3.4    ,187.9    
Ａ・Ｂ機能限定や子供向け以外（計）,1656    ,91.7    ,37.3    ,3.6    ,9.3    ,4.7    ,12.5    ,18.1    ,10.0    ,0.2    ,94.6    ,4.7    ,0.7    ,192.9    
非該当,299    ,77.9    ,30.1    ,3.7    ,0.3    ,0.3    ,6.7    ,9.0    ,1.0    ,0.3    ,79.9    ,15.4    ,4.7    ,149.5    
【全数】Ｑ２〔ネット利用状況（Ａ１スマホ〜Ｇ１インターネット接続テレビ計）〕,,,,,,,,,,,,,,
使っている（計）,2615    ,88.5    ,39.7    ,3.7    ,6.3    ,3.8    ,10.8    ,17.9    ,8.7    ,0.2    ,92.9    ,5.9    ,1.1    ,186.7    
使える機種・設定で、使っていない（計）,923    ,86.3    ,42.9    ,4.0    ,5.7    ,3.4    ,11.4    ,18.7    ,7.4    ,0.4    ,91.9    ,6.5    ,1.6    ,188.4    
使えない機種・設定で、使っていない（計）,932    ,85.0    ,41.0    ,3.2    ,4.3    ,3.1    ,10.9    ,19.0    ,7.5    ,0.3    ,90.8    ,7.6    ,1.6    ,183.6    
わからない（計）,285    ,82.8    ,34.7    ,4.2    ,3.9    ,3.2    ,8.4    ,18.6    ,5.3    ,-,87.7    ,9.5    ,2.8    ,173.3    
非該当,299    ,77.9    ,30.1    ,3.7    ,0.3    ,0.3    ,6.7    ,9.0    ,1.0    ,0.3    ,79.9    ,15.4    ,4.7    ,149.5    
【全数】Ｑ２〔ネット利用状況（Ａ１スマホ）〕,,,,,,,,,,,,,,
使っている,1475    ,92.5    ,36.6    ,3.6    ,9.8    ,4.9    ,12.7    ,18.5    ,10.5    ,0.1    ,95.2    ,4.1    ,0.7    ,194.2    
使える機種・設定で、使っていない,45    ,84.4    ,42.2    ,4.4    ,2.2    ,-,15.6    ,20.0    ,4.4    ,2.2    ,95.6    ,4.4    ,-,180.0    
使えない機種・設定で、使っていない,9    ,66.7    ,66.7    ,-,-,-,11.1    ,22.2    ,11.1    ,-,100.0    ,-,-,177.8    
わからない,12    ,83.3    ,41.7    ,16.7    ,-,8.3    ,8.3    ,8.3    ,8.3    ,-,83.3    ,16.7    ,-,191.7    
非該当,1900    ,80.8    ,39.3    ,3.4    ,1.4    ,1.7    ,7.4    ,14.9    ,4.1    ,0.3    ,86.9    ,10.7    ,2.4    ,166.4    
【全数】Ｑ２〔ネット利用状況（Ａ２格安スマホ）〕,,,,,,,,,,,,,,
使っている,19    ,94.7    ,26.3    ,-,5.3    ,5.3    ,-,10.5    ,5.3    ,-,94.7    ,5.3    ,-,152.6    
使える機種・設定で、使っていない,2    ,100.0    ,50.0    ,-,-,-,50.0    ,-,-,-,100.0    ,-,-,200.0    
使えない機種・設定で、使っていない,1    ,-,-,-,-,-,-,-,-,-,-,100.0    ,-,100.0    
わからない,-,-,-,-,-,-,-,-,-,-,-,-,-,-
非該当,3419    ,85.8    ,38.3    ,3.6    ,5.0    ,3.0    ,9.8    ,16.6    ,6.9    ,0.2    ,90.6    ,7.8    ,1.7    ,178.7    
【全数】Ｑ２〔ネット利用状況（Ａ３子供スマホ）〕,,,,,,,,,,,,,,
使っている,28    ,71.4    ,57.1    ,14.3    ,3.6    ,14.3    ,10.7    ,21.4    ,7.1    ,-,85.7    ,10.7    ,3.6    ,214.3    
使える機種・設定で、使っていない,6    ,83.3    ,83.3    ,-,16.7    ,-,-,16.7    ,16.7    ,-,83.3    ,16.7    ,-,233.3    
使えない機種・設定で、使っていない,16    ,68.8    ,25.0    ,-,6.3    ,-,6.3    ,12.5    ,12.5    ,-,81.3    ,12.5    ,6.3    ,150.0    
わからない,10    ,100.0    ,40.0    ,-,10.0    ,-,20.0    ,-,-,-,100.0    ,-,-,170.0    
非該当,3381    ,86.0    ,38.1    ,3.5    ,5.0    ,3.0    ,9.8    ,16.5    ,6.9    ,0.2    ,90.7    ,7.7    ,1.6    ,178.3    
【全数】Ｑ２〔ネット利用状況（Ａ４契約切れスマホ）〕,,,,,,,,,,,,,,
使っている,73    ,79.5    ,42.5    ,4.1    ,2.7    ,1.4    ,6.8    ,11.0    ,8.2    ,-,89.0    ,9.6    ,1.4    ,167.1    
使える機種・設定で、使っていない,12    ,83.3    ,50.0    ,16.7    ,8.3    ,-,16.7    ,25.0    ,16.7    ,-,91.7    ,-,8.3    ,225.0    
使えない機種・設定で、使っていない,10    ,90.0    ,20.0    ,-,-,-,10.0    ,40.0    ,10.0    ,-,90.0    ,-,10.0    ,180.0    
わからない,5    ,80.0    ,20.0    ,-,-,-,20.0    ,20.0    ,-,-,80.0    ,20.0    ,-,160.0    
非該当,3341    ,86.0    ,38.2    ,3.5    ,5.1    ,3.1    ,9.8    ,16.5    ,6.8    ,0.2    ,90.6    ,7.8    ,1.6    ,178.7    
【全数】Ｑ２〔ネット利用状況（Ｂ１携帯電話）〕,,,,,,,,,,,,,,
使っている,120    ,88.3    ,46.7    ,4.2    ,8.3    ,5.8    ,11.7    ,20.8    ,8.3    ,0.8    ,90.0    ,10.0    ,-,205.0    
使える機種・設定で、使っていない,128    ,93.0    ,47.7    ,5.5    ,1.6    ,3.9    ,13.3    ,17.2    ,6.3    ,1.6    ,95.3    ,4.7    ,-,194.5    
使えない機種・設定で、使っていない,120    ,88.3    ,50.0    ,1.7    ,2.5    ,1.7    ,8.3    ,16.7    ,6.7    ,-,92.5    ,5.0    ,2.5    ,183.3    
わからない,24    ,75.0    ,37.5    ,4.2    ,-,8.3    ,8.3    ,16.7    ,4.2    ,-,79.2    ,16.7    ,4.2    ,175.0    
非該当,3049    ,85.5    ,37.1    ,3.5    ,5.1    ,2.9    ,9.6    ,16.3    ,6.9    ,0.2    ,90.4    ,7.8    ,1.7    ,176.7    
【全数】Ｑ２〔ネット利用状況（Ｂ２子ども向け携帯等）〕,,,,,,,,,,,,,,
使っている,30    ,66.7    ,40.0    ,6.7    ,-,3.3    ,6.7    ,13.3    ,3.3    ,-,76.7    ,20.0    ,3.3    ,163.3    
使える機種・設定で、使っていない,37    ,64.9    ,40.5    ,2.7    ,-,5.4    ,18.9    ,13.5    ,8.1    ,-,78.4    ,13.5    ,8.1    ,175.7    
使えない機種・設定で、使っていない,214    ,76.2    ,46.3    ,2.3    ,2.8    ,2.3    ,5.1    ,16.8    ,5.1    ,-,88.3    ,10.3    ,1.4    ,168.7    
わからない,26    ,76.9    ,42.3    ,3.8    ,-,-,3.8    ,11.5    ,-,-,88.5    ,11.5    ,-,150.0    
非該当,3134    ,87.0    ,37.7    ,3.6    ,5.3    ,3.1    ,10.1    ,16.6    ,7.1    ,0.3    ,91.0    ,7.4    ,1.6    ,179.7    
【全数】Ｑ２〔ネット利用状況（Ｃ１ノートＰＣ）〕,,,,,,,,,,,,,,
使っている,793    ,90.5    ,44.1    ,4.0    ,7.3    ,3.8    ,11.9    ,20.9    ,11.9    ,0.3    ,94.2    ,4.9    ,0.9    ,200.5    
使える機種・設定で、使っていない,46    ,95.7    ,39.1    ,4.3    ,10.9    ,4.3    ,21.7    ,10.9    ,6.5    ,-,97.8    ,2.2    ,-,195.7    
使えない機種・設定で、使っていない,4    ,100.0    ,25.0    ,-,-,-,25.0    ,25.0    ,25.0    ,-,100.0    ,-,-,200.0    
わからない,3    ,100.0    ,66.7    ,-,-,-,-,33.3    ,-,-,100.0    ,-,-,200.0    
非該当,2595    ,84.2    ,36.5    ,3.4    ,4.2    ,2.8    ,8.9    ,15.2    ,5.4    ,0.2    ,89.3    ,8.7    ,1.9    ,171.5    
【全数】Ｑ２〔ネット利用状況（Ｃ２デスクトップＰＣ）〕,,,,,,,,,,,,,,
使っている,380    ,89.7    ,45.5    ,4.7    ,5.8    ,3.4    ,10.3    ,20.0    ,13.7    ,0.3    ,93.9    ,5.5    ,0.5    ,199.5    
使える機種・設定で、使っていない,25    ,80.0    ,28.0    ,8.0    ,8.0    ,4.0    ,16.0    ,16.0    ,8.0    ,-,80.0    ,16.0    ,4.0    ,188.0    
使えない機種・設定で、使っていない,2    ,100.0    ,50.0    ,-,-,-,-,-,-,-,100.0    ,-,-,150.0    
わからない,2    ,50.0    ,-,-,50.0    ,-,-,-,50.0    ,-,50.0    ,50.0    ,-,200.0    
非該当,3032    ,85.5    ,37.5    ,3.4    ,4.8    ,3.0    ,9.7    ,16.1    ,6.0    ,0.2    ,90.3    ,7.9    ,1.8    ,175.9    
【全数】Ｑ２〔ネット利用状況（Ｄ１タブレット）〕,,,,,,,,,,,,,,
使っている,434    ,88.7    ,44.2    ,4.4    ,5.5    ,2.8    ,12.0    ,16.6    ,9.4    ,0.5    ,93.8    ,5.1    ,1.2    ,190.3    
使える機種・設定で、使っていない,32    ,75.0    ,34.4    ,-,9.4    ,6.3    ,9.4    ,9.4    ,3.1    ,-,90.6    ,3.1    ,6.3    ,156.3    
使えない機種・設定で、使っていない,5    ,60.0    ,40.0    ,20.0    ,-,-,-,20.0    ,-,-,80.0    ,20.0    ,-,160.0    
わからない,12    ,75.0    ,33.3    ,-,-,-,8.3    ,16.7    ,8.3    ,-,75.0    ,25.0    ,-,166.7    
非該当,2958    ,85.7    ,37.5    ,3.4    ,4.9    ,3.1    ,9.5    ,16.6    ,6.6    ,0.2    ,90.2    ,8.1    ,1.7    ,177.2    
【全数】Ｑ２〔ネット利用状況（Ｄ２学習用タブレット）〕,,,,,,,,,,,,,,
使っている,139    ,88.5    ,55.4    ,5.0    ,5.0    ,4.3    ,13.7    ,24.5    ,10.1    ,-,93.5    ,5.0    ,1.4    ,212.9    
使える機種・設定で、使っていない,33    ,87.9    ,39.4    ,-,12.1    ,3.0    ,6.1    ,9.1    ,6.1    ,-,97.0    ,3.0    ,-,166.7    
使えない機種・設定で、使っていない,22    ,77.3    ,54.5    ,-,4.5    ,4.5    ,-,31.8    ,4.5    ,-,90.9    ,9.1    ,-,186.4    
わからない,8    ,87.5    ,25.0    ,12.5    ,-,-,-,-,-,-,87.5    ,12.5    ,-,137.5    
非該当,3239    ,85.8    ,37.4    ,3.5    ,4.9    ,3.0    ,9.8    ,16.2    ,6.8    ,0.2    ,90.4    ,7.9    ,1.7    ,177.3    
【全数】Ｑ２〔ネット利用状況（Ｄ３娯楽用タブレット）〕,,,,,,,,,,,,,,
使っている,6    ,100.0    ,33.3    ,-,33.3    ,-,16.7    ,16.7    ,-,-,100.0    ,-,-,200.0    
使える機種・設定で、使っていない,1    ,100.0    ,-,-,-,-,-,-,100.0    ,-,100.0    ,-,-,200.0    
使えない機種・設定で、使っていない,2    ,50.0    ,50.0    ,-,-,-,-,-,-,-,100.0    ,-,-,100.0    
わからない,-,-,-,-,-,-,-,-,-,-,-,-,-,-
非該当,3432    ,85.9    ,38.3    ,3.6    ,5.0    ,3.1    ,9.8    ,16.5    ,6.9    ,0.2    ,90.6    ,7.8    ,1.7    ,178.6    
【全数】Ｑ２〔ネット利用状況（Ｅ１携帯音楽プレイヤー）〕,,,,,,,,,,,,,,
使っている,327    ,92.7    ,46.8    ,4.3    ,7.3    ,4.3    ,10.7    ,20.5    ,13.1    ,0.3    ,95.4    ,4.0    ,0.6    ,204.6    
使える機種・設定で、使っていない,162    ,93.2    ,40.7    ,7.4    ,9.9    ,5.6    ,14.8    ,19.8    ,10.5    ,0.6    ,94.4    ,4.3    ,1.2    ,208.0    
使えない機種・設定で、使っていない,328    ,93.9    ,39.6    ,4.6    ,6.7    ,4.3    ,17.1    ,26.2    ,11.3    ,0.6    ,96.3    ,3.4    ,0.3    ,207.9    
わからない,58    ,87.9    ,34.5    ,3.4    ,8.6    ,6.9    ,10.3    ,25.9    ,6.9    ,-,93.1    ,5.2    ,1.7    ,191.4    
非該当,2566    ,83.5    ,36.9    ,3.1    ,4.1    ,2.5    ,8.4    ,14.3    ,5.3    ,0.2    ,88.9    ,9.1    ,2.0    ,169.4    
【全数】Ｑ２〔ネット利用状況（Ｆ１携帯ゲーム）〕,,,,,,,,,,,,,,
使っている,638    ,85.6    ,42.8    ,3.4    ,4.5    ,3.9    ,10.0    ,19.6    ,9.6    ,0.2    ,90.9    ,7.4    ,1.7    ,188.7    
使える機種・設定で、使っていない,462    ,85.5    ,43.9    ,4.3    ,7.4    ,3.5    ,10.6    ,19.3    ,7.8    ,0.2    ,91.6    ,7.4    ,1.1    ,190.9    
使えない機種・設定で、使っていない,298    ,84.6    ,38.6    ,3.0    ,4.7    ,3.0    ,11.7    ,16.1    ,7.0    ,0.3    ,89.6    ,8.4    ,2.0    ,179.5    
わからない,97    ,79.4    ,22.7    ,1.0    ,1.0    ,1.0    ,7.2    ,14.4    ,4.1    ,-,81.4    ,14.4    ,4.1    ,149.5    
非該当,1946    ,86.6    ,36.2    ,3.6    ,4.8    ,2.8    ,9.4    ,15.0    ,5.9    ,0.3    ,90.9    ,7.6    ,1.6    ,173.6    
【全数】Ｑ２〔ネット利用状況（Ｆ２据置型ゲーム）〕,,,,,,,,,,,,,,
使っている,266    ,89.8    ,44.7    ,2.3    ,6.0    ,5.3    ,14.7    ,21.8    ,18.0    ,-,94.4    ,4.9    ,0.8    ,208.3    
使える機種・設定で、使っていない,327    ,85.9    ,47.4    ,4.9    ,6.1    ,2.8    ,13.1    ,20.5    ,8.6    ,0.6    ,92.0    ,7.0    ,0.9    ,197.9    
使えない機種・設定で、使っていない,205    ,85.9    ,37.6    ,2.9    ,4.9    ,3.9    ,6.3    ,19.0    ,6.3    ,-,89.8    ,7.8    ,2.4    ,177.1    
わからない,93    ,80.6    ,40.9    ,7.5    ,3.2    ,4.3    ,9.7    ,18.3    ,6.5    ,-,89.2    ,6.5    ,4.3    ,181.7    
非該当,2550    ,85.6    ,36.4    ,3.4    ,4.8    ,2.7    ,9.1    ,15.2    ,5.6    ,0.2    ,90.1    ,8.2    ,1.7    ,173.0    
【全数】Ｑ２〔ネット利用状況（Ｇ１ネットテレビ）〕,,,,,,,,,,,,,,
使っている,58    ,86.2    ,36.2    ,3.4    ,6.9    ,3.4    ,10.3    ,19.0    ,17.2    ,-,91.4    ,5.2    ,3.4    ,191.4    
使える機種・設定で、使っていない,44    ,90.9    ,47.7    ,9.1    ,11.4    ,13.6    ,11.4    ,25.0    ,22.7    ,2.3    ,93.2    ,4.5    ,2.3    ,240.9    
使えない機種・設定で、使っていない,5    ,100.0    ,40.0    ,20.0    ,-,-,20.0    ,20.0    ,60.0    ,-,100.0    ,-,-,260.0    
わからない,7    ,100.0    ,57.1    ,14.3    ,-,-,-,57.1    ,14.3    ,-,100.0    ,-,-,242.9    
非該当,3327    ,85.8    ,38.1    ,3.4    ,4.9    ,2.9    ,9.8    ,16.3    ,6.4    ,0.2    ,90.5    ,7.9    ,1.6    ,177.3    
Ｑ３〔ネット利用項目（Ａ１スマホ〜Ｇ１インターネット接続テレビ計）〕,,,,,,,,,,,,,,
コミニュケーション（計）,1732    ,91.7    ,39.1    ,4.0    ,8.6    ,5.0    ,12.9    ,18.8    ,10.7    ,0.2    ,94.7    ,4.4    ,0.9    ,196.2    
ニュース（計）,638    ,95.0    ,44.8    ,4.5    ,12.4    ,6.9    ,18.7    ,29.3    ,20.7    ,0.2    ,97.2    ,2.7    ,0.2    ,235.3    
情報検索（計）,1626    ,91.5    ,41.4    ,3.9    ,7.8    ,4.7    ,12.7    ,20.8    ,11.1    ,0.2    ,95.1    ,4.3    ,0.6    ,199.1    
地図・ナビゲーション（計）,701    ,94.4    ,41.4    ,5.6    ,10.8    ,5.8    ,17.0    ,25.4    ,17.3    ,0.1    ,96.4    ,3.0    ,0.6    ,221.4    
音楽視聴（計）,1607    ,92.0    ,40.6    ,4.3    ,8.1    ,5.0    ,13.4    ,20.0    ,12.0    ,0.1    ,95.0    ,4.4    ,0.6    ,200.6    
動画視聴（計）,1804    ,91.2    ,40.5    ,4.4    ,7.2    ,4.4    ,13.0    ,20.3    ,11.8    ,0.2    ,95.0    ,4.5    ,0.6    ,198.2    
電子書籍（計）,303    ,94.7    ,40.6    ,5.6    ,12.9    ,7.6    ,21.5    ,28.1    ,21.5    ,-,96.7    ,3.3    ,-,235.6    
ゲーム（計）,1856    ,88.7    ,40.0    ,3.7    ,7.2    ,4.0    ,12.1    ,18.9    ,10.7    ,0.2    ,93.1    ,5.8    ,1.1    ,192.3    
ショッピング・オークション（計）,299    ,94.0    ,37.5    ,5.4    ,9.4    ,5.4    ,14.4    ,27.1    ,19.7    ,-,97.0    ,3.0    ,-,215.7    
その他（計）,185    ,86.5    ,41.6    ,5.4    ,6.5    ,4.3    ,10.8    ,19.5    ,9.7    ,1.1    ,91.9    ,6.5    ,1.6    ,193.5    
わからない（計）,67    ,86.6    ,38.8    ,-,6.0    ,-,9.0    ,17.9    ,9.0    ,-,89.6    ,6.0    ,4.5    ,177.6    
Ｑ３〔ネット利用項目（Ａ１スマホ／ＭＡ）〕,,,,,,,,,,,,,,
コミニュケーション,1292    ,93.0    ,37.0    ,3.6    ,10.8    ,5.3    ,12.7    ,19.1    ,10.9    ,0.2    ,95.4    ,3.8    ,0.8    ,197.1    
ニュース,431    ,96.1    ,43.2    ,3.9    ,15.3    ,7.4    ,17.9    ,29.9    ,19.7    ,0.2    ,97.7    ,2.3    ,-,236.0    
情報検索,920    ,94.5    ,38.3    ,3.7    ,11.4    ,5.8    ,14.2    ,22.0    ,13.3    ,0.1    ,96.5    ,3.0    ,0.4    ,206.6    
地図・ナビゲーション,548    ,95.4    ,40.3    ,4.7    ,12.6    ,5.8    ,16.6    ,25.7    ,17.5    ,0.2    ,96.7    ,2.7    ,0.5    ,222.3    
音楽視聴,1052    ,93.1    ,38.6    ,3.9    ,10.4    ,5.2    ,14.6    ,19.8    ,12.1    ,0.1    ,95.4    ,3.9    ,0.7    ,202.3    
動画視聴,1068    ,93.6    ,37.3    ,4.1    ,9.8    ,5.2    ,14.5    ,20.7    ,12.5    ,0.1    ,96.1    ,3.6    ,0.4    ,201.9    
電子書籍,218    ,94.5    ,38.1    ,5.5    ,14.7    ,6.9    ,19.7    ,25.7    ,19.7    ,-,95.9    ,4.1    ,-,228.9    
ゲーム,1054    ,92.8    ,37.4    ,3.3    ,10.5    ,5.0    ,14.5    ,20.0    ,12.5    ,0.1    ,95.4    ,4.1    ,0.6    ,200.9    
ショッピング・オークション,177    ,92.7    ,32.2    ,5.6    ,9.6    ,6.2    ,16.4    ,26.6    ,20.9    ,-,96.6    ,3.4    ,-,213.6    
その他,39    ,97.4    ,35.9    ,2.6    ,5.1    ,7.7    ,12.8    ,20.5    ,10.3    ,2.6    ,100.0    ,-,-,194.9    
わからない,3    ,66.7    ,-,-,33.3    ,-,33.3    ,-,-,-,66.7    ,33.3    ,-,166.7    
Ｑ３〔ネット利用項目（Ａ２格安スマホ／ＭＡ）〕,,,,,,,,,,,,,,
コミニュケーション,14    ,100.0    ,21.4    ,-,7.1    ,7.1    ,-,7.1    ,7.1    ,-,100.0    ,-,-,150.0    
ニュース,6    ,83.3    ,16.7    ,-,16.7    ,16.7    ,-,-,-,-,83.3    ,16.7    ,-,150.0    
情報検索,9    ,88.9    ,11.1    ,-,11.1    ,11.1    ,-,-,-,-,88.9    ,11.1    ,-,133.3    
地図・ナビゲーション,6    ,100.0    ,16.7    ,-,-,-,-,-,-,-,100.0    ,-,-,116.7    
音楽視聴,11    ,100.0    ,27.3    ,-,9.1    ,9.1    ,-,18.2    ,9.1    ,-,100.0    ,-,-,172.7    
動画視聴,11    ,100.0    ,36.4    ,-,9.1    ,9.1    ,-,18.2    ,9.1    ,-,100.0    ,-,-,181.8    
電子書籍,2    ,100.0    ,-,-,-,-,-,-,-,-,100.0    ,-,-,100.0    
ゲーム,14    ,100.0    ,28.6    ,-,7.1    ,7.1    ,-,14.3    ,7.1    ,-,100.0    ,-,-,164.3    
ショッピング・オークション,1    ,100.0    ,-,-,-,-,-,-,-,-,100.0    ,-,-,100.0    
その他,1    ,100.0    ,-,-,-,-,-,-,-,-,100.0    ,-,-,100.0    
わからない,-,-,-,-,-,-,-,-,-,-,-,-,-,-
Ｑ３〔ネット利用項目（Ａ３子供スマホ／ＭＡ）〕,,,,,,,,,,,,,,
コミニュケーション,17    ,76.5    ,47.1    ,23.5    ,-,17.6    ,11.8    ,29.4    ,5.9    ,-,88.2    ,5.9    ,5.9    ,223.5    
ニュース,2    ,50.0    ,100.0    ,50.0    ,-,50.0    ,50.0    ,100.0    ,50.0    ,-,100.0    ,-,-,450.0    
情報検索,12    ,83.3    ,75.0    ,25.0    ,-,25.0    ,25.0    ,33.3    ,8.3    ,-,100.0    ,-,-,275.0    
地図・ナビゲーション,6    ,83.3    ,83.3    ,33.3    ,-,33.3    ,-,50.0    ,-,-,100.0    ,-,-,283.3    
音楽視聴,9    ,88.9    ,66.7    ,22.2    ,11.1    ,22.2    ,11.1    ,33.3    ,11.1    ,-,100.0    ,-,-,266.7    
動画視聴,10    ,90.0    ,70.0    ,30.0    ,10.0    ,30.0    ,10.0    ,60.0    ,20.0    ,-,100.0    ,-,-,320.0    
電子書籍,1    ,100.0    ,100.0    ,100.0    ,-,-,-,-,-,-,100.0    ,-,-,300.0    
ゲーム,12    ,75.0    ,66.7    ,16.7    ,-,16.7    ,16.7    ,16.7    ,-,-,91.7    ,8.3    ,-,216.7    
ショッピング・オークション,-,-,-,-,-,-,-,-,-,-,-,-,-,-
その他,3    ,33.3    ,33.3    ,-,-,-,-,-,-,-,33.3    ,66.7    ,-,133.3    
わからない,3    ,66.7    ,100.0    ,-,-,-,-,-,-,-,100.0    ,-,-,166.7    
Ｑ３〔ネット利用項目（Ａ４契約切れスマホ／ＭＡ）〕,,,,,,,,,,,,,,
コミニュケーション,31    ,83.9    ,35.5    ,3.2    ,-,-,9.7    ,6.5    ,6.5    ,-,90.3    ,9.7    ,-,154.8    
ニュース,11    ,81.8    ,54.5    ,9.1    ,-,-,18.2    ,9.1    ,9.1    ,-,90.9    ,9.1    ,-,190.9    
情報検索,33    ,87.9    ,42.4    ,3.0    ,3.0    ,3.0    ,15.2    ,12.1    ,9.1    ,-,93.9    ,6.1    ,-,181.8    
地図・ナビゲーション,7    ,85.7    ,14.3    ,-,-,-,14.3    ,14.3    ,-,-,100.0    ,-,-,128.6    
音楽視聴,33    ,75.8    ,39.4    ,3.0    ,3.0    ,-,12.1    ,12.1    ,15.2    ,-,84.8    ,12.1    ,3.0    ,175.8    
動画視聴,43    ,81.4    ,37.2    ,2.3    ,4.7    ,2.3    ,11.6    ,18.6    ,14.0    ,-,86.0    ,11.6    ,2.3    ,186.0    
電子書籍,3    ,100.0    ,33.3    ,-,-,-,-,33.3    ,-,-,100.0    ,-,-,166.7    
ゲーム,50    ,74.0    ,42.0    ,6.0    ,-,-,8.0    ,6.0    ,6.0    ,-,86.0    ,12.0    ,2.0    ,156.0    
ショッピング・オークション,4    ,75.0    ,50.0    ,-,-,-,-,25.0    ,-,-,75.0    ,25.0    ,-,175.0    
その他,1    ,100.0    ,-,-,-,-,-,-,-,-,100.0    ,-,-,100.0    
わからない,1    ,-,-,-,-,-,-,-,-,-,-,100.0    ,-,100.0    
Ｑ３〔ネット利用項目（Ｂ１携帯電話／ＭＡ）〕,,,,,,,,,,,,,,
コミニュケーション,109    ,89.0    ,49.5    ,4.6    ,9.2    ,6.4    ,12.8    ,21.1    ,7.3    ,0.9    ,90.8    ,9.2    ,-,210.1    
ニュース,11    ,100.0    ,54.5    ,-,-,-,18.2    ,36.4    ,18.2    ,-,100.0    ,-,-,227.3    
情報検索,20    ,95.0    ,50.0    ,5.0    ,10.0    ,10.0    ,20.0    ,35.0    ,20.0    ,-,95.0    ,5.0    ,-,250.0    
地図・ナビゲーション,7    ,100.0    ,71.4    ,-,-,-,28.6    ,71.4    ,28.6    ,-,100.0    ,-,-,300.0    
音楽視聴,16    ,93.8    ,56.3    ,-,12.5    ,6.3    ,6.3    ,37.5    ,18.8    ,-,93.8    ,6.3    ,-,237.5    
動画視聴,9    ,100.0    ,55.6    ,-,22.2    ,11.1    ,-,44.4    ,33.3    ,-,100.0    ,-,-,266.7    
電子書籍,3    ,100.0    ,66.7    ,-,-,-,33.3    ,66.7    ,-,-,100.0    ,-,-,266.7    
ゲーム,14    ,78.6    ,42.9    ,-,7.1    ,7.1    ,7.1    ,14.3    ,7.1    ,-,78.6    ,21.4    ,-,185.7    
ショッピング・オークション,2    ,100.0    ,50.0    ,-,50.0    ,-,-,50.0    ,50.0    ,-,100.0    ,-,-,300.0    
その他,5    ,100.0    ,40.0    ,20.0    ,-,-,-,20.0    ,-,-,100.0    ,-,-,180.0    
わからない,2    ,100.0    ,-,-,-,-,-,50.0    ,50.0    ,-,100.0    ,-,-,200.0    
Ｑ３〔ネット利用項目（Ｂ２子ども向け携帯等／ＭＡ）〕,,,,,,,,,,,,,,
コミニュケーション,19    ,63.2    ,42.1    ,10.5    ,-,5.3    ,10.5    ,10.5    ,-,-,78.9    ,21.1    ,-,163.2    
ニュース,1    ,100.0    ,100.0    ,-,-,-,-,-,-,-,100.0    ,-,-,200.0    
情報検索,5    ,80.0    ,60.0    ,-,-,-,-,20.0    ,-,-,80.0    ,-,20.0    ,180.0    
地図・ナビゲーション,-,-,-,-,-,-,-,-,-,-,-,-,-,-
音楽視聴,3    ,100.0    ,66.7    ,-,-,-,-,33.3    ,33.3    ,-,100.0    ,-,-,233.3    
動画視聴,2    ,100.0    ,100.0    ,-,-,-,-,50.0    ,50.0    ,-,100.0    ,-,-,300.0    
電子書籍,1    ,100.0    ,100.0    ,-,-,-,-,100.0    ,-,-,100.0    ,-,-,300.0    
ゲーム,4    ,75.0    ,50.0    ,-,-,-,-,-,-,-,75.0    ,25.0    ,-,150.0    
ショッピング・オークション,-,-,-,-,-,-,-,-,-,-,-,-,-,-
その他,1    ,100.0    ,-,-,-,-,-,-,-,-,100.0    ,-,-,100.0    
わからない,3    ,66.7    ,33.3    ,-,-,-,-,-,-,-,66.7    ,33.3    ,-,133.3    
Ｑ３〔ネット利用項目（Ｃ１ノートＰＣ／ＭＡ）〕,,,,,,,,,,,,,,
コミニュケーション,176    ,94.9    ,43.2    ,3.4    ,8.5    ,4.5    ,18.2    ,30.7    ,19.9    ,-,97.2    ,2.3    ,0.6    ,226.1    
ニュース,163    ,95.1    ,46.0    ,2.5    ,9.8    ,4.3    ,21.5    ,31.9    ,24.5    ,-,96.9    ,2.5    ,0.6    ,238.7    
情報検索,529    ,92.1    ,45.9    ,3.0    ,7.6    ,4.3    ,13.4    ,23.8    ,12.7    ,0.2    ,94.9    ,4.7    ,0.4    ,208.1    
地図・ナビゲーション,84    ,94.0    ,45.2    ,6.0    ,13.1    ,1.2    ,20.2    ,32.1    ,23.8    ,-,96.4    ,3.6    ,-,239.3    
音楽視聴,291    ,93.1    ,42.3    ,5.5    ,6.9    ,4.8    ,17.9    ,25.1    ,18.2    ,-,95.2    ,4.1    ,0.7    ,218.6    
動画視聴,482    ,91.9    ,45.0    ,4.4    ,8.7    ,5.0    ,14.7    ,24.7    ,16.0    ,0.4    ,95.2    ,4.4    ,0.4    ,215.6    
電子書籍,30    ,96.7    ,46.7    ,-,-,3.3    ,30.0    ,43.3    ,26.7    ,-,100.0    ,-,-,246.7    
ゲーム,224    ,83.9    ,44.2    ,2.7    ,3.6    ,2.7    ,13.8    ,24.1    ,12.9    ,0.4    ,90.6    ,7.1    ,2.2    ,197.8    
ショッピング・オークション,80    ,100.0    ,36.3    ,7.5    ,11.3    ,3.8    ,15.0    ,36.3    ,21.3    ,-,100.0    ,-,-,231.3    
その他,51    ,84.3    ,43.1    ,5.9    ,3.9    ,3.9    ,11.8    ,17.6    ,11.8    ,2.0    ,90.2    ,5.9    ,3.9    ,194.1    
わからない,10    ,100.0    ,40.0    ,-,20.0    ,-,10.0    ,10.0    ,10.0    ,-,100.0    ,-,-,190.0    
Ｑ３〔ネット利用項目（Ｃ２デスクトップＰＣ／ＭＡ）〕,,,,,,,,,,,,,,
コミニュケーション,67    ,92.5    ,47.8    ,7.5    ,6.0    ,6.0    ,9.0    ,23.9    ,29.9    ,-,94.0    ,4.5    ,1.5    ,228.4    
ニュース,66    ,93.9    ,53.0    ,6.1    ,10.6    ,3.0    ,18.2    ,31.8    ,28.8    ,-,98.5    ,1.5    ,-,247.0    
情報検索,254    ,90.6    ,45.3    ,5.5    ,6.3    ,3.1    ,11.0    ,22.4    ,13.8    ,0.4    ,94.9    ,4.7    ,0.4    ,203.5    
地図・ナビゲーション,39    ,94.9    ,46.2    ,7.7    ,5.1    ,5.1    ,15.4    ,28.2    ,28.2    ,-,97.4    ,2.6    ,-,233.3    
音楽視聴,130    ,93.8    ,41.5    ,5.4    ,5.4    ,6.2    ,13.1    ,23.8    ,20.8    ,-,94.6    ,4.6    ,0.8    ,215.4    
動画視聴,219    ,93.2    ,46.6    ,4.6    ,5.9    ,5.5    ,11.9    ,23.7    ,17.8    ,0.5    ,96.8    ,2.7    ,0.5    ,212.8    
電子書籍,15    ,100.0    ,53.3    ,13.3    ,6.7    ,6.7    ,20.0    ,40.0    ,40.0    ,-,100.0    ,-,-,280.0    
ゲーム,117    ,82.1    ,40.2    ,5.1    ,5.1    ,4.3    ,8.5    ,18.8    ,21.4    ,0.9    ,89.7    ,9.4    ,0.9    ,196.6    
ショッピング・オークション,44    ,95.5    ,38.6    ,2.3    ,9.1    ,2.3    ,9.1    ,31.8    ,29.5    ,-,100.0    ,-,-,218.2    
その他,28    ,82.1    ,60.7    ,14.3    ,10.7    ,-,7.1    ,28.6    ,14.3    ,-,89.3    ,10.7    ,-,228.6    
わからない,10    ,80.0    ,50.0    ,-,10.0    ,-,10.0    ,30.0    ,10.0    ,-,90.0    ,-,10.0    ,200.0    
Ｑ３〔ネット利用項目（Ｄ１タブレット／ＭＡ）〕,,,,,,,,,,,,,,
コミニュケーション,123    ,86.2    ,45.5    ,5.7    ,4.9    ,4.1    ,14.6    ,16.3    ,15.4    ,-,92.7    ,5.7    ,1.6    ,200.0    
ニュース,71    ,97.2    ,54.9    ,8.5    ,12.7    ,9.9    ,23.9    ,32.4    ,26.8    ,-,100.0    ,-,-,266.2    
情報検索,247    ,91.9    ,47.4    ,6.1    ,6.5    ,4.0    ,15.4    ,21.5    ,11.3    ,0.8    ,96.4    ,3.6    ,-,208.5    
地図・ナビゲーション,62    ,95.2    ,48.4    ,8.1    ,8.1    ,8.1    ,22.6    ,21.0    ,19.4    ,-,98.4    ,-,1.6    ,232.3    
音楽視聴,177    ,91.0    ,46.9    ,5.6    ,6.8    ,6.2    ,15.8    ,16.9    ,14.1    ,-,96.0    ,4.0    ,-,207.3    
動画視聴,278    ,89.9    ,47.5    ,5.0    ,5.0    ,3.6    ,14.4    ,18.0    ,11.5    ,0.7    ,95.0    ,4.0    ,1.1    ,200.7    
電子書籍,37    ,94.6    ,37.8    ,8.1    ,10.8    ,5.4    ,27.0    ,16.2    ,27.0    ,-,97.3    ,2.7    ,-,229.7    
ゲーム,251    ,88.8    ,44.6    ,5.2    ,5.6    ,3.6    ,15.5    ,15.9    ,10.4    ,0.8    ,93.6    ,4.8    ,1.6    ,196.8    
ショッピング・オークション,22    ,100.0    ,36.4    ,9.1    ,-,9.1    ,27.3    ,18.2    ,18.2    ,-,100.0    ,-,-,218.2    
その他,15    ,86.7    ,40.0    ,6.7    ,-,-,13.3    ,6.7    ,-,-,100.0    ,-,-,153.3    
わからない,6    ,100.0    ,33.3    ,-,16.7    ,-,-,16.7    ,-,-,100.0    ,-,-,166.7    
Ｑ３〔ネット利用項目（Ｄ２学習用タブレット／ＭＡ）〕,,,,,,,,,,,,,,
コミニュケーション,23    ,91.3    ,52.2    ,4.3    ,4.3    ,-,8.7    ,17.4    ,4.3    ,-,95.7    ,4.3    ,-,187.0    
ニュース,13    ,92.3    ,76.9    ,7.7    ,-,7.7    ,23.1    ,30.8    ,7.7    ,-,92.3    ,7.7    ,-,253.8    
情報検索,64    ,98.4    ,59.4    ,3.1    ,4.7    ,7.8    ,17.2    ,28.1    ,9.4    ,-,100.0    ,-,-,228.1    
地図・ナビゲーション,9    ,100.0    ,44.4    ,11.1    ,-,11.1    ,22.2    ,55.6    ,22.2    ,-,100.0    ,-,-,266.7    
音楽視聴,22    ,100.0    ,68.2    ,9.1    ,13.6    ,13.6    ,13.6    ,36.4    ,18.2    ,-,100.0    ,-,-,272.7    
動画視聴,47    ,93.6    ,63.8    ,8.5    ,8.5    ,6.4    ,12.8    ,34.0    ,12.8    ,-,100.0    ,-,-,240.4    
電子書籍,10    ,90.0    ,50.0    ,-,-,10.0    ,30.0    ,60.0    ,20.0    ,-,100.0    ,-,-,260.0    
ゲーム,19    ,84.2    ,68.4    ,5.3    ,5.3    ,10.5    ,5.3    ,31.6    ,10.5    ,-,94.7    ,-,5.3    ,226.3    
ショッピング・オークション,1    ,100.0    ,100.0    ,-,100.0    ,-,-,-,100.0    ,-,100.0    ,-,-,400.0    
その他,49    ,83.7    ,46.9    ,6.1    ,4.1    ,2.0    ,14.3    ,18.4    ,6.1    ,-,89.8    ,8.2    ,2.0    ,191.8    
わからない,4    ,75.0    ,50.0    ,-,-,-,-,-,-,-,75.0    ,25.0    ,-,150.0    
Ｑ３〔ネット利用項目（Ｄ３娯楽用タブレット／ＭＡ）〕,,,,,,,,,,,,,,
コミニュケーション,1    ,100.0    ,-,-,-,-,-,-,-,-,100.0    ,-,-,100.0    
ニュース,-,-,-,-,-,-,-,-,-,-,-,-,-,-
情報検索,3    ,100.0    ,33.3    ,-,66.7    ,-,33.3    ,33.3    ,-,-,100.0    ,-,-,266.7    
地図・ナビゲーション,1    ,100.0    ,100.0    ,-,100.0    ,-,-,-,-,-,100.0    ,-,-,300.0    
音楽視聴,1    ,100.0    ,-,-,-,-,-,100.0    ,-,-,100.0    ,-,-,200.0    
動画視聴,4    ,100.0    ,50.0    ,-,50.0    ,-,25.0    ,-,-,-,100.0    ,-,-,225.0    
電子書籍,-,-,-,-,-,-,-,-,-,-,-,-,-,-
ゲーム,1    ,100.0    ,-,-,-,-,-,-,-,-,100.0    ,-,-,100.0    
ショッピング・オークション,-,-,-,-,-,-,-,-,-,-,-,-,-,-
その他,-,-,-,-,-,-,-,-,-,-,-,-,-,-
わからない,-,-,-,-,-,-,-,-,-,-,-,-,-,-
Ｑ３〔ネット利用項目（Ｅ１携帯音楽プレイヤー／ＭＡ）〕,,,,,,,,,,,,,,
コミニュケーション,104    ,97.1    ,47.1    ,6.7    ,4.8    ,5.8    ,9.6    ,17.3    ,18.3    ,-,99.0    ,1.0    ,-,207.7    
ニュース,38    ,100.0    ,47.4    ,7.9    ,10.5    ,7.9    ,26.3    ,31.6    ,39.5    ,-,100.0    ,-,-,271.1    
情報検索,94    ,94.7    ,53.2    ,4.3    ,6.4    ,4.3    ,11.7    ,22.3    ,22.3    ,1.1    ,96.8    ,3.2    ,-,223.4    
地図・ナビゲーション,32    ,90.6    ,43.8    ,9.4    ,9.4    ,6.3    ,21.9    ,15.6    ,31.3    ,-,96.9    ,3.1    ,-,231.3    
音楽視聴,281    ,92.9    ,45.2    ,4.6    ,7.1    ,4.3    ,10.3    ,21.0    ,14.2    ,0.4    ,95.4    ,4.3    ,0.4    ,204.6    
動画視聴,144    ,94.4    ,46.5    ,4.2    ,4.9    ,4.2    ,13.9    ,24.3    ,19.4    ,0.7    ,97.2    ,2.1    ,0.7    ,215.3    
電子書籍,20    ,100.0    ,50.0    ,5.0    ,20.0    ,10.0    ,20.0    ,30.0    ,45.0    ,-,100.0    ,-,-,280.0    
ゲーム,128    ,92.2    ,43.8    ,4.7    ,7.0    ,4.7    ,12.5    ,21.9    ,21.1    ,0.8    ,95.3    ,3.9    ,0.8    ,213.3    
ショッピング・オークション,10    ,100.0    ,60.0    ,10.0    ,-,10.0    ,10.0    ,20.0    ,40.0    ,-,100.0    ,-,-,250.0    
その他,7    ,100.0    ,57.1    ,-,42.9    ,14.3    ,14.3    ,14.3    ,42.9    ,-,100.0    ,-,-,285.7    
わからない,5    ,100.0    ,60.0    ,-,-,-,20.0    ,40.0    ,-,-,100.0    ,-,-,220.0    
Ｑ３〔ネット利用項目（Ｆ１携帯ゲーム／ＭＡ）〕,,,,,,,,,,,,,,
コミニュケーション,89    ,85.4    ,52.8    ,3.4    ,2.2    ,5.6    ,20.2    ,19.1    ,7.9    ,-,93.3    ,5.6    ,1.1    ,203.4    
ニュース,13    ,100.0    ,53.8    ,-,-,7.7    ,30.8    ,15.4    ,15.4    ,-,100.0    ,-,-,223.1    
情報検索,87    ,87.4    ,50.6    ,4.6    ,2.3    ,5.7    ,14.9    ,25.3    ,6.9    ,1.1    ,95.4    ,3.4    ,1.1    ,203.4    
地図・ナビゲーション,6    ,50.0    ,50.0    ,-,-,16.7    ,16.7    ,33.3    ,16.7    ,-,83.3    ,16.7    ,-,200.0    
音楽視聴,91    ,82.4    ,44.0    ,4.4    ,2.2    ,5.5    ,17.6    ,24.2    ,12.1    ,-,91.2    ,8.8    ,-,201.1    
動画視聴,147    ,81.0    ,45.6    ,3.4    ,2.7    ,5.4    ,15.6    ,24.5    ,9.5    ,-,89.8    ,10.2    ,-,198.0    
電子書籍,7    ,100.0    ,71.4    ,-,-,28.6    ,28.6    ,57.1    ,-,-,100.0    ,-,-,285.7    
ゲーム,555    ,86.1    ,43.1    ,3.1    ,4.3    ,3.6    ,9.9    ,19.5    ,10.1    ,0.2    ,91.0    ,7.4    ,1.6    ,188.8    
ショッピング・オークション,19    ,78.9    ,52.6    ,5.3    ,-,5.3    ,-,21.1    ,10.5    ,-,89.5    ,10.5    ,-,184.2    
その他,12    ,75.0    ,50.0    ,-,8.3    ,16.7    ,16.7    ,33.3    ,16.7    ,-,91.7    ,8.3    ,-,225.0    
わからない,13    ,84.6    ,23.1    ,-,7.7    ,-,15.4    ,23.1    ,-,-,84.6    ,7.7    ,7.7    ,169.2    
Ｑ３〔ネット利用項目（Ｆ２据置型ゲーム／ＭＡ）〕,,,,,,,,,,,,,,
コミニュケーション,21    ,90.5    ,42.9    ,-,14.3    ,-,9.5    ,23.8    ,4.8    ,-,90.5    ,4.8    ,4.8    ,195.2    
ニュース,3    ,100.0    ,33.3    ,-,-,-,66.7    ,66.7    ,66.7    ,-,100.0    ,-,-,333.3    
情報検索,18    ,94.4    ,50.0    ,5.6    ,11.1    ,5.6    ,16.7    ,33.3    ,22.2    ,-,100.0    ,-,-,238.9    
地図・ナビゲーション,1    ,100.0    ,-,-,-,-,-,-,-,-,100.0    ,-,-,100.0    
音楽視聴,20    ,90.0    ,35.0    ,5.0    ,5.0    ,-,10.0    ,35.0    ,15.0    ,-,95.0    ,5.0    ,-,200.0    
動画視聴,46    ,89.1    ,50.0    ,2.2    ,10.9    ,8.7    ,8.7    ,30.4    ,19.6    ,-,95.7    ,2.2    ,2.2    ,223.9    
電子書籍,1    ,100.0    ,-,-,-,-,-,-,-,-,100.0    ,-,-,100.0    
ゲーム,231    ,88.7    ,45.5    ,1.7    ,5.6    ,5.2    ,15.6    ,21.6    ,18.2    ,-,93.5    ,5.6    ,0.9    ,208.7    
ショッピング・オークション,13    ,100.0    ,53.8    ,7.7    ,7.7    ,-,-,30.8    ,7.7    ,-,100.0    ,-,-,207.7    
その他,4    ,100.0    ,50.0    ,-,25.0    ,50.0    ,-,25.0    ,25.0    ,-,100.0    ,-,-,275.0    
わからない,11    ,100.0    ,36.4    ,-,-,-,18.2    ,9.1    ,27.3    ,-,100.0    ,-,-,190.9    
Ｑ３〔ネット利用項目（Ｇ１ネットテレビ／ＭＡ）〕,,,,,,,,,,,,,,
コミニュケーション,1    ,100.0    ,100.0    ,-,-,-,100.0    ,100.0    ,100.0    ,-,100.0    ,-,-,500.0    
ニュース,9    ,100.0    ,55.6    ,-,-,-,22.2    ,22.2    ,33.3    ,-,100.0    ,-,-,233.3    
情報検索,11    ,90.9    ,36.4    ,-,9.1    ,9.1    ,18.2    ,18.2    ,18.2    ,-,90.9    ,-,9.1    ,209.1    
地図・ナビゲーション,-,-,-,-,-,-,-,-,-,-,-,-,-,-
音楽視聴,10    ,90.0    ,30.0    ,20.0    ,10.0    ,-,20.0    ,30.0    ,40.0    ,-,90.0    ,10.0    ,-,250.0    
動画視聴,30    ,90.0    ,40.0    ,3.3    ,10.0    ,3.3    ,16.7    ,26.7    ,30.0    ,-,96.7    ,3.3    ,-,223.3    
電子書籍,-,-,-,-,-,-,-,-,-,-,-,-,-,-
ゲーム,6    ,66.7    ,33.3    ,-,16.7    ,-,16.7    ,16.7    ,33.3    ,-,83.3    ,16.7    ,-,200.0    
ショッピング・オークション,-,-,-,-,-,-,-,-,-,-,-,-,-,-
その他,6    ,83.3    ,50.0    ,16.7    ,-,-,-,-,-,-,83.3    ,16.7    ,-,166.7    
わからない,5    ,80.0    ,20.0    ,-,-,-,-,20.0    ,-,-,80.0    ,-,20.0    ,140.0    
Ｑ４〔ネット利用時間（Ａ１〜Ｇ１の合計時間〕,,,,,,,,,,,,,,
使っていない,69    ,76.8    ,29.0    ,1.4    ,-,-,7.2    ,18.8    ,1.4    ,-,84.1    ,13.0    ,2.9    ,150.7    
３０分未満,184    ,87.0    ,37.5    ,2.7    ,1.6    ,-,6.5    ,16.8    ,4.3    ,0.5    ,91.8    ,6.5    ,1.6    ,165.2    
３０分以上１時間未満,324    ,81.8    ,41.0    ,3.7    ,6.5    ,4.0    ,6.8    ,16.4    ,3.7    ,0.6    ,90.1    ,8.6    ,1.2    ,174.4    
１時間以上２時間未満,647    ,89.5    ,42.2    ,4.0    ,6.3    ,3.7    ,9.9    ,18.5    ,6.5    ,-,93.8    ,5.1    ,1.1    ,186.9    
２時間以上３時間未満,486    ,90.3    ,41.2    ,2.7    ,5.8    ,3.1    ,10.3    ,16.3    ,9.3    ,0.2    ,93.6    ,6.0    ,0.4    ,185.4    
３時間以上４時間未満,343    ,91.5    ,35.6    ,5.5    ,7.6    ,5.0    ,12.5    ,16.9    ,9.3    ,0.3    ,95.0    ,3.8    ,1.2    ,189.2    
４時間以上５時間未満,171    ,89.5    ,34.5    ,5.8    ,7.0    ,6.4    ,15.2    ,18.7    ,17.5    ,-,93.6    ,5.3    ,1.2    ,201.2    
５時間以上６時間未満,129    ,92.2    ,41.1    ,3.1    ,10.9    ,3.1    ,15.5    ,26.4    ,16.3    ,0.8    ,95.3    ,4.7    ,-,214.0    
６時間以上９時間未満,124    ,91.1    ,43.5    ,3.2    ,12.1    ,8.9    ,18.5    ,25.0    ,14.5    ,-,93.5    ,6.5    ,-,223.4    
９時間以上１２時間未満,24    ,91.7    ,37.5    ,4.2    ,12.5    ,12.5    ,25.0    ,20.8    ,45.8    ,-,95.8    ,-,4.2    ,254.2    
１２時間以上１５時間未満,17    ,94.1    ,47.1    ,11.8    ,5.9    ,-,29.4    ,11.8    ,17.6    ,-,100.0    ,-,-,217.6    
１５時間以上１８時間未満,4    ,100.0    ,-,-,25.0    ,-,25.0    ,50.0    ,50.0    ,-,100.0    ,-,-,250.0    
１８時間以上２１時間未満,4    ,100.0    ,25.0    ,-,-,-,-,25.0    ,-,-,100.0    ,-,-,150.0    
２１時間以上２４時間未満,3    ,100.0    ,66.7    ,33.3    ,-,-,33.3    ,33.3    ,33.3    ,-,100.0    ,-,-,300.0    
２４時間以上,1    ,100.0    ,-,-,-,-,-,-,-,-,100.0    ,-,-,100.0    
わからない,85    ,80.0    ,40.0    ,-,1.2    ,1.2    ,4.7    ,7.1    ,2.4    ,-,84.7    ,9.4    ,5.9    ,151.8    
２時間以上（計）,1306    ,91.0    ,38.9    ,4.1    ,7.7    ,4.7    ,13.4    ,18.8    ,12.5    ,0.2    ,94.3    ,5.0    ,0.7    ,196.9    
５時間以上（計）,306    ,92.2    ,41.5    ,3.9    ,11.1    ,5.9    ,18.3    ,24.8    ,18.3    ,0.3    ,95.1    ,4.6    ,0.3    ,221.2    
６時間以上（計）,177    ,92.1    ,41.8    ,4.5    ,11.3    ,7.9    ,20.3    ,23.7    ,19.8    ,-,94.9    ,4.5    ,0.6    ,226.6    
１２時間以上（計）,29    ,96.6    ,37.9    ,10.3    ,6.9    ,-,24.1    ,20.7    ,20.7    ,-,100.0    ,-,-,217.2    
１８時間以上（計）,8    ,100.0    ,37.5    ,12.5    ,-,-,12.5    ,25.0    ,12.5    ,-,100.0    ,-,-,200.0    
Ｑ４〔ネット利用時間（Ａ１スマホ）〕,,,,,,,,,,,,,,
使っていない,12    ,100.0    ,33.3    ,-,-,-,8.3    ,8.3    ,8.3    ,-,100.0    ,-,-,158.3    
３０分未満,78    ,85.9    ,43.6    ,3.8    ,2.6    ,-,7.7    ,19.2    ,3.8    ,-,91.0    ,6.4    ,2.6    ,175.6    
３０分以上１時間未満,164    ,93.9    ,34.8    ,2.4    ,15.2    ,7.3    ,11.0    ,16.5    ,9.8    ,-,97.6    ,2.4    ,-,193.3    
１時間以上２時間未満,364    ,93.4    ,39.0    ,4.7    ,10.2    ,5.2    ,13.2    ,20.1    ,8.8    ,-,96.4    ,3.0    ,0.5    ,198.1    
２時間以上３時間未満,327    ,93.0    ,36.1    ,4.0    ,8.9    ,4.0    ,11.0    ,17.4    ,12.2    ,0.3    ,94.5    ,4.6    ,0.9    ,192.4    
３時間以上４時間未満,244    ,93.0    ,33.6    ,1.6    ,11.1    ,5.3    ,11.9    ,15.2    ,10.7    ,-,95.1    ,4.5    ,0.4    ,187.3    
４時間以上５時間未満,99    ,92.9    ,34.3    ,6.1    ,9.1    ,9.1    ,13.1    ,22.2    ,12.1    ,-,93.9    ,5.1    ,1.0    ,205.1    
５時間以上,156    ,92.3    ,36.5    ,3.2    ,9.0    ,3.2    ,21.2    ,24.4    ,14.7    ,0.6    ,95.5    ,4.5    ,-,209.6    
わからない,31    ,80.6    ,38.7    ,3.2    ,6.5    ,3.2    ,12.9    ,9.7    ,6.5    ,-,87.1    ,6.5    ,6.5    ,174.2    
２時間以上（計）,826    ,92.9    ,35.2    ,3.4    ,9.6    ,4.8    ,13.4    ,18.6    ,12.2    ,0.2    ,94.8    ,4.6    ,0.6    ,195.6    
Ｑ４〔ネット利用時間（Ａ２格安スマホ）〕,,,,,,,,,,,,,,
使っていない,-,-,-,-,-,-,-,-,-,-,-,-,-,-
３０分未満,2    ,100.0    ,-,-,-,-,-,-,-,-,100.0    ,-,-,100.0    
３０分以上１時間未満,2    ,100.0    ,50.0    ,-,-,-,-,50.0    ,-,-,100.0    ,-,-,200.0    
１時間以上２時間未満,3    ,100.0    ,-,-,-,-,-,-,-,-,100.0    ,-,-,100.0    
２時間以上３時間未満,5    ,100.0    ,60.0    ,-,-,-,-,20.0    ,20.0    ,-,100.0    ,-,-,200.0    
３時間以上４時間未満,1    ,100.0    ,-,-,-,-,-,-,-,-,100.0    ,-,-,100.0    
４時間以上５時間未満,-,-,-,-,-,-,-,-,-,-,-,-,-,-
５時間以上,3    ,100.0    ,33.3    ,-,33.3    ,33.3    ,-,-,-,-,100.0    ,-,-,200.0    
わからない,3    ,66.7    ,-,-,-,-,-,-,-,-,66.7    ,33.3    ,-,100.0    
２時間以上（計）,9    ,100.0    ,44.4    ,-,11.1    ,11.1    ,-,11.1    ,11.1    ,-,100.0    ,-,-,188.9    
Ｑ４〔ネット利用時間（Ａ３子供スマホ）〕,,,,,,,,,,,,,,
使っていない,3    ,33.3    ,66.7    ,-,-,-,33.3    ,-,-,-,66.7    ,33.3    ,-,166.7    
３０分未満,6    ,66.7    ,33.3    ,-,-,-,-,-,-,-,66.7    ,16.7    ,16.7    ,133.3    
３０分以上１時間未満,1    ,100.0    ,-,-,-,-,-,-,-,-,100.0    ,-,-,100.0    
１時間以上２時間未満,9    ,77.8    ,44.4    ,22.2    ,11.1    ,22.2    ,11.1    ,22.2    ,11.1    ,-,88.9    ,11.1    ,-,233.3    
２時間以上３時間未満,2    ,50.0    ,100.0    ,50.0    ,-,50.0    ,-,100.0    ,-,-,100.0    ,-,-,350.0    
３時間以上４時間未満,2    ,100.0    ,100.0    ,-,-,50.0    ,50.0    ,100.0    ,50.0    ,-,100.0    ,-,-,450.0    
４時間以上５時間未満,1    ,100.0    ,100.0    ,100.0    ,-,-,-,-,-,-,100.0    ,-,-,300.0    
５時間以上,-,-,-,-,-,-,-,-,-,-,-,-,-,-
わからない,4    ,75.0    ,75.0    ,-,-,-,-,-,-,-,100.0    ,-,-,150.0    
２時間以上（計）,5    ,80.0    ,100.0    ,40.0    ,-,40.0    ,20.0    ,80.0    ,20.0    ,-,100.0    ,-,-,380.0    
Ｑ４〔ネット利用時間（Ａ４契約切れスマホ）〕,,,,,,,,,,,,,,
使っていない,5    ,80.0    ,40.0    ,-,-,-,-,-,-,-,100.0    ,-,-,120.0    
３０分未満,6    ,83.3    ,50.0    ,16.7    ,-,-,-,-,16.7    ,-,100.0    ,-,-,166.7    
３０分以上１時間未満,18    ,88.9    ,50.0    ,11.1    ,-,-,5.6    ,27.8    ,22.2    ,-,94.4    ,5.6    ,-,211.1    
１時間以上２時間未満,19    ,78.9    ,42.1    ,-,10.5    ,5.3    ,10.5    ,10.5    ,5.3    ,-,84.2    ,15.8    ,-,178.9    
２時間以上３時間未満,13    ,84.6    ,30.8    ,-,-,-,-,-,-,-,92.3    ,7.7    ,-,123.1    
３時間以上４時間未満,2    ,100.0    ,100.0    ,-,-,-,50.0    ,50.0    ,-,-,100.0    ,-,-,300.0    
４時間以上５時間未満,2    ,50.0    ,50.0    ,-,-,-,-,-,-,-,50.0    ,-,50.0    ,150.0    
５時間以上,3    ,66.7    ,33.3    ,-,-,-,33.3    ,-,-,-,100.0    ,-,-,133.3    
わからない,5    ,40.0    ,20.0    ,-,-,-,-,-,-,-,60.0    ,40.0    ,-,100.0    
２時間以上（計）,20    ,80.0    ,40.0    ,-,-,-,10.0    ,5.0    ,-,-,90.0    ,5.0    ,5.0    ,145.0    
Ｑ４〔ネット利用時間（Ｂ１携帯電話）〕,,,,,,,,,,,,,,
使っていない,15    ,80.0    ,46.7    ,-,6.7    ,6.7    ,20.0    ,20.0    ,6.7    ,-,80.0    ,20.0    ,-,206.7    
３０分未満,43    ,83.7    ,46.5    ,4.7    ,7.0    ,2.3    ,9.3    ,14.0    ,4.7    ,2.3    ,86.0    ,14.0    ,-,188.4    
３０分以上１時間未満,21    ,95.2    ,57.1    ,-,4.8    ,9.5    ,14.3    ,23.8    ,4.8    ,-,95.2    ,4.8    ,-,214.3    
１時間以上２時間未満,14    ,92.9    ,50.0    ,7.1    ,7.1    ,7.1    ,21.4    ,28.6    ,21.4    ,-,92.9    ,7.1    ,-,242.9    
２時間以上３時間未満,7    ,100.0    ,71.4    ,14.3    ,28.6    ,14.3    ,-,42.9    ,28.6    ,-,100.0    ,-,-,300.0    
３時間以上４時間未満,3    ,100.0    ,33.3    ,-,33.3    ,-,-,-,-,-,100.0    ,-,-,166.7    
４時間以上５時間未満,2    ,100.0    ,-,-,-,-,-,-,-,-,100.0    ,-,-,100.0    
５時間以上,4    ,75.0    ,50.0    ,-,-,-,25.0    ,25.0    ,-,-,75.0    ,25.0    ,-,200.0    
わからない,11    ,90.9    ,18.2    ,9.1    ,9.1    ,9.1    ,-,27.3    ,9.1    ,-,100.0    ,-,-,172.7    
２時間以上（計）,16    ,93.8    ,50.0    ,6.3    ,18.8    ,6.3    ,6.3    ,25.0    ,12.5    ,-,93.8    ,6.3    ,-,225.0    
Ｑ４〔ネット利用時間（Ｂ２子ども向け携帯等）〕,,,,,,,,,,,,,,
使っていない,5    ,60.0    ,20.0    ,-,-,-,-,-,-,-,60.0    ,40.0    ,-,120.0    
３０分未満,14    ,64.3    ,35.7    ,14.3    ,-,-,7.1    ,21.4    ,-,-,78.6    ,21.4    ,-,164.3    
３０分以上１時間未満,7    ,71.4    ,85.7    ,-,-,14.3    ,-,14.3    ,14.3    ,-,85.7    ,-,14.3    ,214.3    
１時間以上２時間未満,1    ,100.0    ,-,-,-,-,100.0    ,-,-,-,100.0    ,-,-,200.0    
２時間以上３時間未満,-,-,-,-,-,-,-,-,-,-,-,-,-,-
３時間以上４時間未満,-,-,-,-,-,-,-,-,-,-,-,-,-,-
４時間以上５時間未満,-,-,-,-,-,-,-,-,-,-,-,-,-,-
５時間以上,-,-,-,-,-,-,-,-,-,-,-,-,-,-
わからない,3    ,66.7    ,-,-,-,-,-,-,-,-,66.7    ,33.3    ,-,100.0    
２時間以上（計）,-,-,-,-,-,-,-,-,-,-,-,-,-,-
Ｑ４〔ネット利用時間（Ｃ１ノートＰＣ）〕,,,,,,,,,,,,,,
使っていない,156    ,94.2    ,42.3    ,4.5    ,5.1    ,3.8    ,11.5    ,23.1    ,14.1    ,-,96.2    ,3.2    ,0.6    ,202.6    
３０分未満,137    ,92.7    ,41.6    ,2.2    ,6.6    ,2.2    ,8.0    ,24.8    ,8.0    ,0.7    ,95.6    ,4.4    ,-,191.2    
３０分以上１時間未満,196    ,91.8    ,48.5    ,5.1    ,9.2    ,3.6    ,9.7    ,16.8    ,6.6    ,0.5    ,94.9    ,4.6    ,0.5    ,196.9    
１時間以上２時間未満,154    ,88.3    ,39.6    ,3.9    ,7.1    ,4.5    ,14.9    ,23.4    ,16.2    ,-,93.5    ,5.2    ,1.3    ,204.5    
２時間以上３時間未満,43    ,86.0    ,48.8    ,4.7    ,11.6    ,9.3    ,16.3    ,27.9    ,18.6    ,-,93.0    ,7.0    ,-,230.2    
３時間以上４時間未満,20    ,90.0    ,15.0    ,5.0    ,5.0    ,5.0    ,20.0    ,20.0    ,40.0    ,-,95.0    ,5.0    ,-,205.0    
４時間以上５時間未満,4    ,50.0    ,100.0    ,25.0    ,-,-,25.0    ,-,50.0    ,-,100.0    ,-,-,250.0    
５時間以上,9    ,88.9    ,77.8    ,11.1    ,-,-,33.3    ,11.1    ,33.3    ,-,88.9    ,11.1    ,-,266.7    
わからない,74    ,85.1    ,48.6    ,1.4    ,8.1    ,2.7    ,10.8    ,13.5    ,2.7    ,-,87.8    ,8.1    ,4.1    ,185.1    
２時間以上（計）,76    ,85.5    ,46.1    ,6.6    ,7.9    ,6.6    ,19.7    ,22.4    ,27.6    ,-,93.4    ,6.6    ,-,228.9    
Ｑ４〔ネット利用時間（Ｃ２デスクトップＰＣ）〕,,,,,,,,,,,,,,
使っていない,60    ,85.0    ,45.0    ,1.7    ,8.3    ,3.3    ,8.3    ,15.0    ,16.7    ,-,95.0    ,5.0    ,-,188.3    
３０分未満,78    ,88.5    ,48.7    ,5.1    ,3.8    ,1.3    ,3.8    ,15.4    ,3.8    ,1.3    ,91.0    ,7.7    ,1.3    ,180.8    
３０分以上１時間未満,79    ,88.6    ,43.0    ,2.5    ,6.3    ,6.3    ,7.6    ,16.5    ,10.1    ,-,91.1    ,8.9    ,-,189.9    
１時間以上２時間未満,73    ,94.5    ,42.5    ,9.6    ,4.1    ,1.4    ,21.9    ,32.9    ,20.5    ,-,97.3    ,2.7    ,-,230.1    
２時間以上３時間未満,19    ,84.2    ,36.8    ,-,5.3    ,5.3    ,15.8    ,10.5    ,31.6    ,-,89.5    ,10.5    ,-,200.0    
３時間以上４時間未満,16    ,93.8    ,31.3    ,-,6.3    ,-,6.3    ,37.5    ,18.8    ,-,100.0    ,-,-,193.8    
４時間以上５時間未満,4    ,75.0    ,50.0    ,25.0    ,-,-,-,-,-,-,75.0    ,25.0    ,-,175.0    
５時間以上,6    ,83.3    ,-,-,-,16.7    ,-,-,50.0    ,-,83.3    ,-,16.7    ,166.7    
わからない,45    ,95.6    ,64.4    ,6.7    ,8.9    ,4.4    ,11.1    ,22.2    ,8.9    ,-,100.0    ,-,-,222.2    
２時間以上（計）,45    ,86.7    ,31.1    ,2.2    ,4.4    ,4.4    ,8.9    ,17.8    ,26.7    ,-,91.1    ,6.7    ,2.2    ,191.1    
Ｑ４〔ネット利用時間（Ｄ１タブレット）〕,,,,,,,,,,,,,,
使っていない,52    ,88.5    ,42.3    ,1.9    ,5.8    ,1.9    ,7.7    ,23.1    ,17.3    ,-,92.3    ,5.8    ,1.9    ,196.2    
３０分未満,72    ,93.1    ,44.4    ,1.4    ,5.6    ,2.8    ,8.3    ,16.7    ,8.3    ,2.8    ,97.2    ,2.8    ,-,186.1    
３０分以上１時間未満,104    ,85.6    ,42.3    ,3.8    ,3.8    ,2.9    ,15.4    ,14.4    ,8.7    ,-,90.4    ,8.7    ,1.0    ,186.5    
１時間以上２時間未満,106    ,89.6    ,45.3    ,4.7    ,7.5    ,1.9    ,13.2    ,15.1    ,9.4    ,-,95.3    ,3.8    ,0.9    ,191.5    
２時間以上３時間未満,40    ,87.5    ,47.5    ,10.0    ,5.0    ,2.5    ,7.5    ,17.5    ,10.0    ,-,92.5    ,5.0    ,2.5    ,195.0    
３時間以上４時間未満,25    ,84.0    ,44.0    ,12.0    ,4.0    ,8.0    ,20.0    ,16.0    ,4.0    ,-,92.0    ,4.0    ,4.0    ,200.0    
４時間以上５時間未満,4    ,100.0    ,75.0    ,25.0    ,-,25.0    ,50.0    ,25.0    ,25.0    ,-,100.0    ,-,-,325.0    
５時間以上,6    ,100.0    ,66.7    ,-,-,-,-,16.7    ,-,-,100.0    ,-,-,183.3    
わからない,25    ,88.0    ,36.0    ,-,8.0    ,-,8.0    ,16.0    ,4.0    ,-,96.0    ,4.0    ,-,164.0    
２時間以上（計）,75    ,88.0    ,49.3    ,10.7    ,4.0    ,5.3    ,13.3    ,17.3    ,8.0    ,-,93.3    ,4.0    ,2.7    ,202.7    
Ｑ４〔ネット利用時間（Ｄ２学習用タブレット）〕,,,,,,,,,,,,,,
使っていない,11    ,100.0    ,63.6    ,18.2    ,-,9.1    ,27.3    ,27.3    ,18.2    ,-,100.0    ,-,-,263.6    
３０分未満,20    ,75.0    ,65.0    ,-,5.0    ,10.0    ,20.0    ,25.0    ,5.0    ,-,90.0    ,10.0    ,-,215.0    
３０分以上１時間未満,53    ,84.9    ,54.7    ,1.9    ,1.9    ,3.8    ,7.5    ,32.1    ,7.5    ,-,90.6    ,5.7    ,3.8    ,203.8    
１時間以上２時間未満,27    ,100.0    ,63.0    ,11.1    ,11.1    ,-,18.5    ,18.5    ,11.1    ,-,100.0    ,-,-,233.3    
２時間以上３時間未満,10    ,80.0    ,50.0    ,10.0    ,10.0    ,-,20.0    ,10.0    ,10.0    ,-,90.0    ,10.0    ,-,200.0    
３時間以上４時間未満,2    ,100.0    ,-,-,-,-,-,-,-,-,100.0    ,-,-,100.0    
４時間以上５時間未満,-,-,-,-,-,-,-,-,-,-,-,-,-,-
５時間以上,-,-,-,-,-,-,-,-,-,-,-,-,-,-
わからない,16    ,93.8    ,37.5    ,-,6.3    ,6.3    ,6.3    ,18.8    ,18.8    ,-,93.8    ,6.3    ,-,193.8    
２時間以上（計）,12    ,83.3    ,41.7    ,8.3    ,8.3    ,-,16.7    ,8.3    ,8.3    ,-,91.7    ,8.3    ,-,183.3    
Ｑ４〔ネット利用時間（Ｄ３娯楽用タブレット）〕,,,,,,,,,,,,,,
使っていない,1    ,100.0    ,-,-,-,-,-,-,-,-,100.0    ,-,-,100.0    
３０分未満,3    ,100.0    ,66.7    ,-,33.3    ,-,-,-,-,-,100.0    ,-,-,200.0    
３０分以上１時間未満,2    ,100.0    ,-,-,50.0    ,-,50.0    ,50.0    ,-,-,100.0    ,-,-,250.0    
１時間以上２時間未満,-,-,-,-,-,-,-,-,-,-,-,-,-,-
２時間以上３時間未満,-,-,-,-,-,-,-,-,-,-,-,-,-,-
３時間以上４時間未満,-,-,-,-,-,-,-,-,-,-,-,-,-,-
４時間以上５時間未満,-,-,-,-,-,-,-,-,-,-,-,-,-,-
５時間以上,-,-,-,-,-,-,-,-,-,-,-,-,-,-
わからない,-,-,-,-,-,-,-,-,-,-,-,-,-,-
２時間以上（計）,-,-,-,-,-,-,-,-,-,-,-,-,-,-
Ｑ４〔ネット利用時間（Ｅ１携帯音楽プレイヤー）〕,,,,,,,,,,,,,,
使っていない,30    ,96.7    ,30.0    ,6.7    ,13.3    ,10.0    ,16.7    ,16.7    ,6.7    ,-,100.0    ,-,-,196.7    
３０分未満,32    ,93.8    ,46.9    ,-,9.4    ,6.3    ,9.4    ,21.9    ,18.8    ,-,93.8    ,6.3    ,-,212.5    
３０分以上１時間未満,69    ,89.9    ,56.5    ,4.3    ,10.1    ,5.8    ,14.5    ,20.3    ,11.6    ,-,94.2    ,4.3    ,1.4    ,218.8    
１時間以上２時間未満,72    ,94.4    ,44.4    ,2.8    ,2.8    ,2.8    ,2.8    ,18.1    ,11.1    ,-,98.6    ,1.4    ,-,180.6    
２時間以上３時間未満,44    ,95.5    ,54.5    ,2.3    ,13.6    ,4.5    ,6.8    ,36.4    ,15.9    ,2.3    ,95.5    ,4.5    ,-,236.4    
３時間以上４時間未満,32    ,100.0    ,46.9    ,12.5    ,3.1    ,-,21.9    ,9.4    ,9.4    ,-,100.0    ,-,-,203.1    
４時間以上５時間未満,5    ,100.0    ,20.0    ,-,-,-,20.0    ,-,20.0    ,-,100.0    ,-,-,160.0    
５時間以上,9    ,77.8    ,22.2    ,-,11.1    ,11.1    ,11.1    ,33.3    ,55.6    ,-,88.9    ,11.1    ,-,233.3    
わからない,34    ,82.4    ,47.1    ,5.9    ,-,-,8.8    ,17.6    ,8.8    ,-,85.3    ,11.8    ,2.9    ,185.3    
２時間以上（計）,90    ,95.6    ,46.7    ,5.6    ,8.9    ,3.3    ,13.3    ,24.4    ,17.8    ,1.1    ,96.7    ,3.3    ,-,220.0    
Ｑ４〔ネット利用時間（Ｆ１携帯ゲーム）〕,,,,,,,,,,,,,,
使っていない,118    ,90.7    ,34.7    ,5.1    ,4.2    ,2.5    ,11.9    ,22.0    ,12.7    ,-,93.2    ,4.2    ,2.5    ,190.7    
３０分未満,56    ,83.9    ,37.5    ,3.6    ,5.4    ,1.8    ,14.3    ,14.3    ,5.4    ,-,89.3    ,10.7    ,-,176.8    
３０分以上１時間未満,121    ,86.8    ,43.8    ,4.1    ,4.1    ,3.3    ,9.9    ,20.7    ,13.2    ,0.8    ,94.2    ,4.1    ,1.7    ,192.6    
１時間以上２時間未満,180    ,82.8    ,50.6    ,1.7    ,5.0    ,4.4    ,7.2    ,16.1    ,5.6    ,-,88.3    ,10.0    ,1.7    ,185.0    
２時間以上３時間未満,71    ,84.5    ,45.1    ,5.6    ,4.2    ,8.5    ,12.7    ,21.1    ,14.1    ,-,91.5    ,8.5    ,-,204.2    
３時間以上４時間未満,21    ,90.5    ,47.6    ,4.8    ,9.5    ,9.5    ,23.8    ,38.1    ,9.5    ,-,100.0    ,-,-,233.3    
４時間以上５時間未満,8    ,62.5    ,25.0    ,-,-,-,-,25.0    ,-,-,75.0    ,12.5    ,12.5    ,137.5    
５時間以上,-,-,-,-,-,-,-,-,-,-,-,-,-,-
わからない,63    ,85.7    ,36.5    ,1.6    ,3.2    ,1.6    ,4.8    ,19.0    ,7.9    ,-,87.3    ,9.5    ,3.2    ,173.0    
２時間以上（計）,100    ,84.0    ,44.0    ,5.0    ,5.0    ,8.0    ,14.0    ,25.0    ,12.0    ,-,92.0    ,7.0    ,1.0    ,205.0    
Ｑ４〔ネット利用時間（Ｆ２据置型ゲーム）〕,,,,,,,,,,,,,,
使っていない,85    ,89.4    ,43.5    ,2.4    ,2.4    ,2.4    ,21.2    ,27.1    ,20.0    ,-,95.3    ,3.5    ,1.2    ,212.9    
３０分未満,26    ,92.3    ,50.0    ,3.8    ,11.5    ,-,15.4    ,23.1    ,7.7    ,-,92.3    ,7.7    ,-,211.5    
３０分以上１時間未満,48    ,87.5    ,47.9    ,2.1    ,2.1    ,2.1    ,10.4    ,22.9    ,12.5    ,-,91.7    ,6.3    ,2.1    ,195.8    
１時間以上２時間未満,52    ,92.3    ,46.2    ,1.9    ,17.3    ,11.5    ,5.8    ,15.4    ,21.2    ,-,94.2    ,5.8    ,-,217.3    
２時間以上３時間未満,12    ,91.7    ,33.3    ,-,-,16.7    ,33.3    ,25.0    ,33.3    ,-,100.0    ,-,-,233.3    
３時間以上４時間未満,4    ,75.0    ,50.0    ,-,-,25.0    ,25.0    ,25.0    ,50.0    ,-,100.0    ,-,-,250.0    
４時間以上５時間未満,1    ,100.0    ,100.0    ,100.0    ,-,-,-,-,-,-,100.0    ,-,-,300.0    
５時間以上,-,-,-,-,-,-,-,-,-,-,-,-,-,-
わからない,38    ,89.5    ,39.5    ,-,2.6    ,5.3    ,10.5    ,15.8    ,15.8    ,-,94.7    ,5.3    ,-,184.2    
２時間以上（計）,17    ,88.2    ,41.2    ,5.9    ,-,17.6    ,29.4    ,23.5    ,35.3    ,-,100.0    ,-,-,241.2    
Ｑ４〔ネット利用時間（Ｇ１ネットテレビ）〕,,,,,,,,,,,,,,
使っていない,14    ,85.7    ,14.3    ,-,-,-,7.1    ,7.1    ,21.4    ,-,92.9    ,7.1    ,-,142.9    
３０分未満,9    ,88.9    ,44.4    ,-,11.1    ,11.1    ,22.2    ,22.2    ,-,-,100.0    ,-,-,200.0    
３０分以上１時間未満,8    ,100.0    ,50.0    ,25.0    ,12.5    ,12.5    ,-,12.5    ,-,-,100.0    ,-,-,212.5    
１時間以上２時間未満,14    ,78.6    ,42.9    ,-,7.1    ,-,14.3    ,21.4    ,35.7    ,-,85.7    ,7.1    ,7.1    ,214.3    
２時間以上３時間未満,3    ,100.0    ,-,-,33.3    ,-,-,33.3    ,33.3    ,-,100.0    ,-,-,200.0    
３時間以上４時間未満,-,-,-,-,-,-,-,-,-,-,-,-,-,-
４時間以上５時間未満,-,-,-,-,-,-,-,-,-,-,-,-,-,-
５時間以上,1    ,100.0    ,100.0    ,-,-,-,-,-,-,-,100.0    ,-,-,200.0    
わからない,9    ,77.8    ,44.4    ,-,-,-,11.1    ,33.3    ,11.1    ,-,77.8    ,11.1    ,11.1    ,200.0    
２時間以上（計）,4    ,100.0    ,25.0    ,-,25.0    ,-,-,25.0    ,25.0    ,-,100.0    ,-,-,200.0    
Ｑ５〔無線ＬＡＮ利用状況（無線ＬＡＮ利用まとめ）〕,,,,,,,,,,,,,,
スマートフォン,1145    ,92.9    ,36.6    ,3.8    ,10.6    ,4.8    ,13.1    ,19.3    ,11.3    ,0.1    ,95.5    ,3.8    ,0.6    ,196.9    
格安スマートフォン,13    ,92.3    ,30.8    ,-,7.7    ,7.7    ,-,7.7    ,7.7    ,-,92.3    ,7.7    ,-,161.5    
機能限定・子供向けスマートフォン,11    ,90.9    ,63.6    ,27.3    ,9.1    ,27.3    ,9.1    ,54.5    ,18.2    ,-,100.0    ,-,-,300.0    
契約切れスマートフォン,65    ,80.0    ,41.5    ,4.6    ,3.1    ,1.5    ,7.7    ,12.3    ,9.2    ,-,87.7    ,10.8    ,1.5    ,172.3    
携帯電話,26    ,84.6    ,50.0    ,3.8    ,19.2    ,11.5    ,7.7    ,23.1    ,15.4    ,-,84.6    ,15.4    ,-,230.8    
機能限定電話・子ども向け携帯電話,7    ,71.4    ,57.1    ,14.3    ,-,14.3    ,-,-,-,-,85.7    ,14.3    ,-,171.4    
ノートパソコン,536    ,91.6    ,43.8    ,3.9    ,8.8    ,4.9    ,14.0    ,21.5    ,13.8    ,0.2    ,94.4    ,5.2    ,0.4    ,208.0    
デスクトップパソコン,214    ,90.7    ,47.2    ,5.1    ,7.5    ,4.2    ,10.7    ,18.2    ,14.0    ,-,94.4    ,5.1    ,0.5    ,203.3    
タブレット,353    ,89.0    ,43.1    ,4.8    ,5.7    ,3.1    ,13.6    ,17.8    ,10.5    ,0.3    ,93.8    ,5.1    ,1.1    ,194.1    
学習用タブレット,104    ,88.5    ,56.7    ,2.9    ,6.7    ,5.8    ,14.4    ,25.0    ,10.6    ,-,94.2    ,4.8    ,1.0    ,216.3    
子供向け娯楽用タブレット,4    ,100.0    ,50.0    ,-,50.0    ,-,25.0    ,-,-,-,100.0    ,-,-,225.0    
携帯音楽プレイヤー,225    ,92.4    ,45.3    ,3.6    ,8.9    ,4.9    ,9.3    ,18.7    ,14.2    ,0.4    ,95.1    ,4.4    ,0.4    ,202.7    
携帯ゲーム機,447    ,85.5    ,42.3    ,3.1    ,4.3    ,4.3    ,11.0    ,20.1    ,10.5    ,0.2    ,90.2    ,8.5    ,1.3    ,191.1    
据置型ゲーム機,158    ,90.5    ,45.6    ,1.9    ,5.7    ,5.7    ,17.7    ,25.3    ,20.3    ,-,92.4    ,6.3    ,1.3    ,220.3    
インターネット接続テレビ,26    ,88.5    ,30.8    ,3.8    ,7.7    ,-,15.4    ,19.2    ,30.8    ,-,96.2    ,3.8    ,-,200.0    
無線ＬＡＮ利用（計）,2615    ,88.5    ,39.7    ,3.7    ,6.3    ,3.8    ,10.8    ,17.9    ,8.7    ,0.2    ,92.9    ,5.9    ,1.1    ,186.7    
無線ＬＡＮ非利用,-,-,-,-,-,-,-,-,-,-,-,-,-,-
Ａスマートフォン（計）,1216    ,92.2    ,36.9    ,4.1    ,10.0    ,4.8    ,12.8    ,18.9    ,10.9    ,0.1    ,95.1    ,4.3    ,0.7    ,195.7    
Ｂ携帯電話（計）,33    ,81.8    ,51.5    ,6.1    ,15.2    ,12.1    ,6.1    ,18.2    ,12.1    ,-,84.8    ,15.2    ,-,218.2    
Ｃパソコン（計）,721    ,91.1    ,44.4    ,4.3    ,8.2    ,4.4    ,13.0    ,20.9    ,13.7    ,0.1    ,94.3    ,5.3    ,0.4    ,206.0    
Ｄタブレット（計）,448    ,89.1    ,46.4    ,4.5    ,6.3    ,3.8    ,13.2    ,19.4    ,10.0    ,0.2    ,93.8    ,5.1    ,1.1    ,199.1    
Ｅ携帯音楽プレイヤー,225    ,92.4    ,45.3    ,3.6    ,8.9    ,4.9    ,9.3    ,18.7    ,14.2    ,0.4    ,95.1    ,4.4    ,0.4    ,202.7    
Ｆゲーム機（計）,493    ,86.2    ,43.0    ,3.0    ,4.9    ,4.7    ,11.8    ,20.7    ,12.0    ,0.2    ,90.7    ,8.1    ,1.2    ,195.7    
Ｇインターネット接続テレビ,26    ,88.5    ,30.8    ,3.8    ,7.7    ,-,15.4    ,19.2    ,30.8    ,-,96.2    ,3.8    ,-,200.0    
Ａ・Ｂスマートフォン・携帯電話（計）,1243    ,92.0    ,37.1    ,4.1    ,10.1    ,4.8    ,12.7    ,18.7    ,10.9    ,0.1    ,94.8    ,4.6    ,0.6    ,195.7    
Ａ・Ｂ機能限定や子供向け（計）,18    ,83.3    ,61.1    ,22.2    ,5.6    ,22.2    ,5.6    ,33.3    ,11.1    ,-,94.4    ,5.6    ,-,250.0    
Ａ・Ｂ機能限定や子供向け以外（計）,1227    ,92.0    ,36.8    ,3.9    ,10.2    ,4.6    ,12.8    ,18.6    ,10.9    ,0.1    ,94.8    ,4.6    ,0.7    ,195.2    
Ｑ５〔無線ＬＡＮ利用状況（Ａ１スマホ〜Ｇ１インターネット接続テレビ計）〕,,,,,,,,,,,,,,
使っている（計）,1971    ,89.3    ,39.8    ,3.9    ,7.4    ,4.2    ,11.6    ,18.4    ,9.7    ,0.1    ,93.1    ,5.9    ,1.0    ,191.4    
使うことはない（計）,756    ,88.4    ,39.8    ,3.7    ,6.1    ,3.4    ,10.6    ,18.5    ,8.2    ,0.5    ,93.0    ,5.0    ,2.0    ,186.2    
わからない（計）,327    ,85.6    ,40.7    ,4.0    ,2.1    ,2.8    ,9.8    ,18.3    ,7.3    ,-,92.4    ,6.7    ,0.9    ,178.3    
Ｑ５〔無線ＬＡＮ利用状況（Ａ１スマホ）〕,,,,,,,,,,,,,,
使っている,1145    ,92.9    ,36.6    ,3.8    ,10.6    ,4.8    ,13.1    ,19.3    ,11.3    ,0.1    ,95.5    ,3.8    ,0.6    ,196.9    
使うことはない,280    ,89.6    ,35.7    ,2.9    ,8.2    ,5.4    ,12.1    ,16.4    ,8.2    ,0.4    ,92.9    ,5.7    ,1.4    ,186.1    
わからない,50    ,100.0    ,42.0    ,2.0    ,2.0    ,4.0    ,8.0    ,12.0    ,6.0    ,-,100.0    ,-,-,176.0    
Ｑ５〔無線ＬＡＮ利用状況（Ａ２格安スマホ）〕,,,,,,,,,,,,,,
使っている,13    ,92.3    ,30.8    ,-,7.7    ,7.7    ,-,7.7    ,7.7    ,-,92.3    ,7.7    ,-,161.5    
使うことはない,4    ,100.0    ,25.0    ,-,-,-,-,25.0    ,-,-,100.0    ,-,-,150.0    
わからない,2    ,100.0    ,-,-,-,-,-,-,-,-,100.0    ,-,-,100.0    
Ｑ５〔無線ＬＡＮ利用状況（Ａ３子供スマホ）〕,,,,,,,,,,,,,,
使っている,11    ,90.9    ,63.6    ,27.3    ,9.1    ,27.3    ,9.1    ,54.5    ,18.2    ,-,100.0    ,-,-,300.0    
使うことはない,10    ,50.0    ,60.0    ,10.0    ,-,10.0    ,10.0    ,-,-,-,70.0    ,20.0    ,10.0    ,170.0    
わからない,7    ,71.4    ,42.9    ,-,-,-,14.3    ,-,-,-,85.7    ,14.3    ,-,142.9    
Ｑ５〔無線ＬＡＮ利用状況（Ａ４契約切れスマホ）〕,,,,,,,,,,,,,,
使っている,65    ,80.0    ,41.5    ,4.6    ,3.1    ,1.5    ,7.7    ,12.3    ,9.2    ,-,87.7    ,10.8    ,1.5    ,172.3    
使うことはない,4    ,75.0    ,75.0    ,-,-,-,-,-,-,-,100.0    ,-,-,150.0    
わからない,4    ,75.0    ,25.0    ,-,-,-,-,-,-,-,100.0    ,-,-,100.0    
Ｑ５〔無線ＬＡＮ利用状況（Ｂ１携帯電話）〕,,,,,,,,,,,,,,
使っている,26    ,84.6    ,50.0    ,3.8    ,19.2    ,11.5    ,7.7    ,23.1    ,15.4    ,-,84.6    ,15.4    ,-,230.8    
使うことはない,74    ,87.8    ,44.6    ,2.7    ,6.8    ,4.1    ,10.8    ,18.9    ,5.4    ,1.4    ,89.2    ,10.8    ,-,193.2    
わからない,20    ,95.0    ,50.0    ,10.0    ,-,5.0    ,20.0    ,25.0    ,10.0    ,-,100.0    ,-,-,215.0    
Ｑ５〔無線ＬＡＮ利用状況（Ｂ２子ども向け携帯等）〕,,,,,,,,,,,,,,
使っている,7    ,71.4    ,57.1    ,14.3    ,-,14.3    ,-,-,-,-,85.7    ,14.3    ,-,171.4    
使うことはない,14    ,85.7    ,35.7    ,7.1    ,-,-,14.3    ,28.6    ,7.1    ,-,85.7    ,7.1    ,7.1    ,192.9    
わからない,9    ,33.3    ,33.3    ,-,-,-,-,-,-,-,55.6    ,44.4    ,-,111.1    
Ｑ５〔無線ＬＡＮ利用状況（Ｃ１ノートＰＣ）〕,,,,,,,,,,,,,,
使っている,536    ,91.6    ,43.8    ,3.9    ,8.8    ,4.9    ,14.0    ,21.5    ,13.8    ,0.2    ,94.4    ,5.2    ,0.4    ,208.0    
使うことはない,171    ,88.9    ,45.0    ,2.9    ,5.3    ,1.8    ,5.8    ,19.3    ,8.8    ,0.6    ,93.0    ,4.7    ,2.3    ,185.4    
わからない,86    ,87.2    ,44.2    ,7.0    ,2.3    ,1.2    ,10.5    ,20.9    ,5.8    ,-,95.3    ,3.5    ,1.2    ,183.7    
Ｑ５〔無線ＬＡＮ利用状況（Ｃ２デスクトップＰＣ）〕,,,,,,,,,,,,,,
使っている,214    ,90.7    ,47.2    ,5.1    ,7.5    ,4.2    ,10.7    ,18.2    ,14.0    ,-,94.4    ,5.1    ,0.5    ,203.3    
使うことはない,119    ,89.9    ,44.5    ,4.2    ,4.2    ,2.5    ,10.1    ,22.7    ,15.1    ,0.8    ,95.0    ,4.2    ,0.8    ,199.2    
わからない,47    ,85.1    ,40.4    ,4.3    ,2.1    ,2.1    ,8.5    ,21.3    ,8.5    ,-,89.4    ,10.6    ,-,183.0    
Ｑ５〔無線ＬＡＮ利用状況（Ｄ１タブレット）〕,,,,,,,,,,,,,,
使っている,353    ,89.0    ,43.1    ,4.8    ,5.7    ,3.1    ,13.6    ,17.8    ,10.5    ,0.3    ,93.8    ,5.1    ,1.1    ,194.1    
使うことはない,50    ,92.0    ,54.0    ,2.0    ,4.0    ,-,4.0    ,14.0    ,6.0    ,2.0    ,98.0    ,-,2.0    ,180.0    
わからない,31    ,80.6    ,41.9    ,3.2    ,6.5    ,3.2    ,6.5    ,6.5    ,3.2    ,-,87.1    ,12.9    ,-,164.5    
Ｑ５〔無線ＬＡＮ利用状況（Ｄ２学習用タブレット）〕,,,,,,,,,,,,,,
使っている,104    ,88.5    ,56.7    ,2.9    ,6.7    ,5.8    ,14.4    ,25.0    ,10.6    ,-,94.2    ,4.8    ,1.0    ,216.3    
使うことはない,17    ,94.1    ,52.9    ,11.8    ,-,-,17.6    ,29.4    ,17.6    ,-,94.1    ,-,5.9    ,229.4    
わからない,18    ,83.3    ,50.0    ,11.1    ,-,-,5.6    ,16.7    ,-,-,88.9    ,11.1    ,-,177.8    
Ｑ５〔無線ＬＡＮ利用状況（Ｄ３娯楽用タブレット）〕,,,,,,,,,,,,,,
使っている,4    ,100.0    ,50.0    ,-,50.0    ,-,25.0    ,-,-,-,100.0    ,-,-,225.0    
使うことはない,-,-,-,-,-,-,-,-,-,-,-,-,-,-
わからない,2    ,100.0    ,-,-,-,-,-,50.0    ,-,-,100.0    ,-,-,150.0    
Ｑ５〔無線ＬＡＮ利用状況（Ｅ１携帯音楽プレイヤー）〕,,,,,,,,,,,,,,
使っている,225    ,92.4    ,45.3    ,3.6    ,8.9    ,4.9    ,9.3    ,18.7    ,14.2    ,0.4    ,95.1    ,4.4    ,0.4    ,202.7    
使うことはない,66    ,95.5    ,48.5    ,6.1    ,3.0    ,1.5    ,15.2    ,24.2    ,12.1    ,-,97.0    ,1.5    ,1.5    ,209.1    
わからない,36    ,88.9    ,52.8    ,5.6    ,5.6    ,5.6    ,11.1    ,25.0    ,8.3    ,-,94.4    ,5.6    ,-,208.3    
Ｑ５〔無線ＬＡＮ利用状況（Ｆ１携帯ゲーム）〕,,,,,,,,,,,,,,
使っている,447    ,85.5    ,42.3    ,3.1    ,4.3    ,4.3    ,11.0    ,20.1    ,10.5    ,0.2    ,90.2    ,8.5    ,1.3    ,191.1    
使うことはない,117    ,88.9    ,41.0    ,4.3    ,5.1    ,1.7    ,6.8    ,19.7    ,7.7    ,-,95.7    ,1.7    ,2.6    ,179.5    
わからない,74    ,81.1    ,48.6    ,4.1    ,5.4    ,5.4    ,9.5    ,16.2    ,6.8    ,-,87.8    ,9.5    ,2.7    ,189.2    
Ｑ５〔無線ＬＡＮ利用状況（Ｆ２据置型ゲーム）〕,,,,,,,,,,,,,,
使っている,158    ,90.5    ,45.6    ,1.9    ,5.7    ,5.7    ,17.7    ,25.3    ,20.3    ,-,92.4    ,6.3    ,1.3    ,220.3    
使うことはない,71    ,88.7    ,45.1    ,2.8    ,8.5    ,5.6    ,11.3    ,16.9    ,11.3    ,-,97.2    ,2.8    ,-,193.0    
わからない,37    ,89.2    ,40.5    ,2.7    ,2.7    ,2.7    ,8.1    ,16.2    ,21.6    ,-,97.3    ,2.7    ,-,186.5    
Ｑ５〔無線ＬＡＮ利用状況（Ｇ１ネットテレビ）〕,,,,,,,,,,,,,,
使っている,26    ,88.5    ,30.8    ,3.8    ,7.7    ,-,15.4    ,19.2    ,30.8    ,-,96.2    ,3.8    ,-,200.0    
使うことはない,16    ,87.5    ,50.0    ,6.3    ,6.3    ,6.3    ,6.3    ,18.8    ,6.3    ,-,87.5    ,-,12.5    ,200.0    
わからない,16    ,81.3    ,31.3    ,-,6.3    ,6.3    ,6.3    ,18.8    ,6.3    ,-,87.5    ,12.5    ,-,168.8    
Ｑ６〔インターネット利用上での経験〕,,,,,,,,,,,,,,
悪口等のメール・メッセージ送られた,99    ,90.9    ,50.5    ,2.0    ,10.1    ,7.1    ,24.2    ,30.3    ,23.2    ,-,97.0    ,2.0    ,1.0    ,241.4    
悪口等のメール・メッセージ送った,28    ,92.9    ,53.6    ,-,10.7    ,7.1    ,25.0    ,32.1    ,14.3    ,-,92.9    ,3.6    ,3.6    ,242.9    
掲示板で自分や他人の情報書き込んだ,88    ,94.3    ,46.6    ,2.3    ,14.8    ,11.4    ,20.5    ,30.7    ,18.2    ,-,94.3    ,4.5    ,1.1    ,244.3    
親に話しにくいサイトを見た,54    ,90.7    ,64.8    ,1.9    ,9.3    ,9.3    ,24.1    ,33.3    ,25.9    ,1.9    ,98.1    ,1.9    ,-,263.0    
ゲームなどでお金を使いすぎた,50    ,94.0    ,52.0    ,-,2.0    ,4.0    ,24.0    ,22.0    ,22.0    ,-,100.0    ,-,-,220.0    
差別内容掲載サイトにアクセスする,16    ,100.0    ,37.5    ,6.3    ,6.3    ,-,18.8    ,43.8    ,31.3    ,-,100.0    ,-,-,243.8    
知らない人や、お店からメール来た,435    ,93.3    ,43.4    ,6.0    ,11.3    ,8.5    ,20.9    ,27.4    ,14.9    ,0.5    ,95.9    ,3.4    ,0.7    ,230.3    
迷惑メッセージ・メールを送られた,591    ,94.1    ,39.9    ,4.6    ,12.0    ,7.1    ,16.8    ,24.2    ,16.1    ,0.2    ,96.4    ,3.0    ,0.5    ,218.4    
ネットで知り合った人とメール等した,289    ,93.8    ,43.6    ,5.9    ,9.7    ,8.3    ,20.1    ,28.4    ,23.2    ,0.3    ,96.9    ,1.7    ,1.4    ,236.3    
ネットで知り合った同性と会った,68    ,92.6    ,33.8    ,2.9    ,5.9    ,5.9    ,10.3    ,26.5    ,22.1    ,-,94.1    ,2.9    ,2.9    ,205.9    
ネットで知り合った異性と会った,30    ,100.0    ,36.7    ,-,10.0    ,10.0    ,10.0    ,23.3    ,26.7    ,-,100.0    ,-,-,216.7    
ネットで知り合った人との関係悩んだ,22    ,100.0    ,54.5    ,9.1    ,18.2    ,4.5    ,36.4    ,36.4    ,54.5    ,-,100.0    ,-,-,313.6    
ネットにのめりこんで勉強できない,328    ,94.2    ,42.7    ,4.3    ,9.8    ,6.7    ,17.7    ,26.5    ,19.2    ,0.6    ,96.6    ,2.7    ,0.6    ,225.0    
その他困ったことがある,39    ,89.7    ,46.2    ,2.6    ,5.1    ,2.6    ,2.6    ,10.3    ,5.1    ,-,92.3    ,7.7    ,-,171.8    
あてはまるものがある（計）,1058    ,92.8    ,41.9    ,4.3    ,9.7    ,6.4    ,15.9    ,23.2    ,14.6    ,0.4    ,96.0    ,3.3    ,0.7    ,213.0    
あてはまるものはない,1531    ,85.8    ,38.3    ,3.5    ,4.0    ,2.0    ,7.3    ,14.2    ,4.8    ,0.1    ,91.1    ,7.5    ,1.4    ,168.9    
わからない,26    ,65.4    ,30.8    ,-,7.7    ,-,7.7    ,19.2    ,3.8    ,-,73.1    ,19.2    ,7.7    ,161.5    
Ｑ７〔インターネット利用についての家庭のルール〕,,,,,,,,,,,,,,
利用する時間を決めている,712    ,86.7    ,52.4    ,3.8    ,5.2    ,3.7    ,9.7    ,17.7    ,6.9    ,0.1    ,93.7    ,5.1    ,1.3    ,192.4    
利用する場所を決めている,486    ,86.2    ,55.3    ,4.5    ,6.2    ,5.1    ,11.9    ,23.5    ,7.8    ,-,93.8    ,4.9    ,1.2    ,206.8    
メール・メッセージを送る相手の制限,193    ,88.1    ,66.3    ,5.7    ,13.0    ,8.8    ,15.0    ,24.4    ,7.8    ,0.5    ,96.4    ,3.6    ,-,233.2    
利用サイト・アプリ内容を決めている,321    ,91.6    ,63.2    ,5.6    ,11.5    ,7.5    ,15.0    ,25.2    ,9.3    ,-,96.9    ,2.8    ,0.3    ,232.1    
送信・投稿内容を決めている,306    ,95.1    ,64.1    ,6.5    ,14.1    ,8.2    ,19.0    ,27.8    ,14.7    ,-,98.4    ,1.3    ,0.3    ,251.0    
利用者情報を漏れないようにしている,458    ,92.1    ,54.8    ,7.0    ,12.9    ,10.7    ,21.2    ,30.6    ,16.8    ,-,96.7    ,2.8    ,0.4    ,249.3    
料金上限や課金方法を決めている,566    ,93.3    ,56.4    ,6.7    ,12.0    ,8.3    ,16.4    ,24.7    ,13.4    ,-,97.2    ,2.3    ,0.5    ,234.1    
困ったときはすぐに保護者に連絡する,660    ,90.9    ,61.4    ,5.3    ,12.3    ,8.5    ,15.6    ,27.1    ,14.2    ,0.2    ,96.1    ,3.3    ,0.6    ,239.4    
その他,46    ,95.7    ,56.5    ,2.2    ,4.3    ,2.2    ,6.5    ,26.1    ,2.2    ,2.2    ,97.8    ,-,2.2    ,200.0    
ルールを決めている（計）,1651    ,89.5    ,49.5    ,4.5    ,7.5    ,4.8    ,12.3    ,20.8    ,9.7    ,0.2    ,94.8    ,4.2    ,1.0    ,203.9    
特にルールを決めていない,937    ,87.7    ,22.9    ,2.3    ,4.5    ,2.1    ,8.1    ,13.0    ,7.3    ,0.3    ,90.6    ,8.3    ,1.1    ,157.7    
わからない,27    ,48.1    ,18.5    ,3.7    ,3.7    ,-,11.1    ,11.1    ,-,-,59.3    ,25.9    ,14.8    ,137.0    
Ｑ８〔インターネットに関する啓発や学習の経験〕,,,,,,,,,,,,,,
学校で教えてもらった,2955    ,100.0    ,40.7    ,3.8    ,5.5    ,3.5    ,10.7    ,17.7    ,7.7    ,0.2    ,100.0    ,-,-,189.8    
親（保護者）から教えてもらった,1317    ,91.3    ,100.0    ,7.2    ,8.3    ,5.5    ,14.7    ,22.6    ,8.7    ,0.3    ,100.0    ,-,-,258.6    
兄弟・姉妹から教えてもらった,122    ,91.0    ,77.9    ,100.0    ,9.0    ,3.3    ,32.0    ,22.1    ,13.9    ,-,100.0    ,-,-,349.2    
機器の購入時に販売員より説明された,172    ,95.3    ,63.4    ,6.4    ,100.0    ,26.2    ,25.6    ,26.7    ,20.3    ,0.6    ,100.0    ,-,-,364.5    
機器の購入時に資料をもらった,105    ,98.1    ,69.5    ,3.8    ,42.9    ,100.0    ,30.5    ,44.8    ,30.5    ,1.0    ,100.0    ,-,-,421.0    
友だちから教えてもらった,337    ,94.1    ,57.6    ,11.6    ,13.1    ,9.5    ,100.0    ,32.6    ,23.4    ,-,100.0    ,-,-,341.8    
テレビや本・パンフレットで知った,568    ,92.1    ,52.3    ,4.8    ,8.1    ,8.3    ,19.4    ,100.0    ,21.7    ,0.2    ,100.0    ,-,-,306.7    
インターネットで知った,237    ,96.2    ,48.1    ,7.2    ,14.8    ,13.5    ,33.3    ,51.9    ,100.0    ,-,100.0    ,-,-,365.0    
その他,8    ,62.5    ,50.0    ,-,12.5    ,12.5    ,-,12.5    ,-,100.0    ,100.0    ,-,-,250.0    
説明を受けたり学んだりした（計）,3117    ,94.8    ,42.3    ,3.9    ,5.5    ,3.4    ,10.8    ,18.2    ,7.6    ,0.3    ,100.0    ,-,-,186.8    
教えてもらったり学んだりしない,267    ,-,-,-,-,-,-,-,-,-,-,100.0    ,-,100.0    
わからない,57    ,-,-,-,-,-,-,-,-,-,-,-,100.0    ,100.0    
Ｆ１〔性別〕,,,,,,,,,,,,,,
男性,1690    ,84.3    ,36.5    ,2.9    ,4.5    ,2.8    ,9.5    ,15.6    ,7.7    ,0.3    ,89.9    ,8.0    ,2.1    ,174.2    
女性,1751    ,87.4    ,40.0    ,4.2    ,5.5    ,3.3    ,10.1    ,17.4    ,6.1    ,0.2    ,91.2    ,7.5    ,1.3    ,182.8    
Ｆ２〔年齢〕,,,,,,,,,,,,,,
１０歳,368    ,57.9    ,35.6    ,3.0    ,1.6    ,0.8    ,3.5    ,12.0    ,0.5    ,-,70.1    ,24.2    ,5.7    ,144.8    
１１歳,397    ,72.5    ,43.8    ,4.0    ,1.3    ,1.8    ,4.3    ,13.9    ,2.0    ,0.8    ,82.1    ,14.4    ,3.5    ,162.2    
１２歳,470    ,86.6    ,46.6    ,3.2    ,2.3    ,1.7    ,6.2    ,14.9    ,2.6    ,-,93.2    ,6.2    ,0.6    ,170.9    
１３歳,423    ,90.8    ,41.8    ,3.1    ,4.7    ,3.3    ,8.0    ,17.7    ,5.4    ,-,93.9    ,4.7    ,1.4    ,181.1    
１４歳,470    ,94.3    ,40.2    ,3.6    ,4.0    ,2.6    ,15.1    ,14.3    ,8.3    ,0.2    ,96.2    ,2.8    ,1.1    ,186.4    
１５歳,411    ,94.2    ,34.5    ,3.9    ,7.8    ,4.1    ,10.9    ,17.8    ,10.2    ,0.2    ,95.9    ,3.6    ,0.5    ,187.8    
１６歳,446    ,93.9    ,33.6    ,4.0    ,9.9    ,6.7    ,13.0    ,22.2    ,12.6    ,0.4    ,95.3    ,3.8    ,0.9    ,201.1    
１７歳,456    ,90.8    ,29.6    ,3.5    ,7.7    ,3.1    ,15.4    ,18.6    ,12.1    ,0.2    ,93.6    ,5.9    ,0.4    ,187.3    
Ｆ１・Ｆ２〔性・年齢別〕,,,,,,,,,,,,,,
男性１０歳,175    ,54.9    ,32.0    ,1.7    ,1.1    ,1.1    ,2.9    ,10.3    ,0.6    ,-,68.0    ,25.1    ,6.9    ,136.6    
  １１歳,210    ,70.5    ,46.2    ,3.8    ,1.4    ,1.9    ,4.8    ,13.3    ,2.4    ,1.4    ,82.4    ,12.9    ,4.8    ,163.3    
  １２歳,225    ,85.8    ,44.9    ,3.6    ,1.3    ,1.3    ,7.1    ,15.1    ,1.8    ,-,93.3    ,5.8    ,0.9    ,167.6    
  １３歳,217    ,89.4    ,41.5    ,2.3    ,4.1    ,3.2    ,7.8    ,17.5    ,5.1    ,-,92.6    ,5.5    ,1.8    ,178.3    
  １４歳,222    ,93.2    ,40.1    ,2.7    ,4.5    ,4.1    ,14.4    ,15.3    ,11.3    ,-,96.4    ,2.3    ,1.4    ,189.2    
  １５歳,213    ,91.5    ,29.1    ,3.3    ,7.0    ,3.8    ,11.7    ,14.6    ,10.8    ,0.5    ,94.4    ,5.2    ,0.5    ,177.9    
  １６歳,227    ,93.8    ,30.8    ,4.0    ,8.8    ,4.8    ,12.3    ,20.3    ,14.5    ,0.4    ,95.6    ,3.5    ,0.9    ,194.3    
  １７歳,201    ,89.1    ,25.9    ,1.5    ,7.0    ,2.0    ,13.4    ,17.4    ,13.9    ,-,92.0    ,7.5    ,0.5    ,178.1    
女性１０歳,193    ,60.6    ,38.9    ,4.1    ,2.1    ,0.5    ,4.1    ,13.5    ,0.5    ,-,72.0    ,23.3    ,4.7    ,152.3    
  １１歳,187    ,74.9    ,41.2    ,4.3    ,1.1    ,1.6    ,3.7    ,14.4    ,1.6    ,-,81.8    ,16.0    ,2.1    ,161.0    
  １２歳,245    ,87.3    ,48.2    ,2.9    ,3.3    ,2.0    ,5.3    ,14.7    ,3.3    ,-,93.1    ,6.5    ,0.4    ,173.9    
  １３歳,206    ,92.2    ,42.2    ,3.9    ,5.3    ,3.4    ,8.3    ,18.0    ,5.8    ,-,95.1    ,3.9    ,1.0    ,184.0    
  １４歳,248    ,95.2    ,40.3    ,4.4    ,3.6    ,1.2    ,15.7    ,13.3    ,5.6    ,0.4    ,96.0    ,3.2    ,0.8    ,183.9    
  １５歳,198    ,97.0    ,40.4    ,4.5    ,8.6    ,4.5    ,10.1    ,21.2    ,9.6    ,-,97.5    ,2.0    ,0.5    ,198.5    
  １６歳,219    ,94.1    ,36.5    ,4.1    ,11.0    ,8.7    ,13.7    ,24.2    ,10.5    ,0.5    ,95.0    ,4.1    ,0.9    ,208.2    
  １７歳,255    ,92.2    ,32.5    ,5.1    ,8.2    ,3.9    ,16.9    ,19.6    ,10.6    ,0.4    ,94.9    ,4.7    ,0.4    ,194.5    
Ｆ３〔学年〕,,,,,,,,,,,,,,
小学４年生,235    ,51.9    ,38.7    ,2.6    ,2.6    ,1.3    ,2.6    ,11.9    ,0.4    ,-,66.0    ,28.1    ,6.0    ,146.0    
小学５年生,398    ,67.1    ,38.4    ,3.8    ,0.8    ,1.3    ,4.3    ,12.6    ,1.3    ,0.8    ,78.4    ,17.3    ,4.3    ,151.8    
小学６年生,447    ,83.9    ,46.3    ,3.6    ,2.0    ,1.3    ,5.8    ,16.1    ,2.5    ,-,91.1    ,7.6    ,1.3    ,170.5    
中学１年生,425    ,90.8    ,44.0    ,2.8    ,2.8    ,3.1    ,7.5    ,16.7    ,4.0    ,-,93.9    ,4.5    ,1.6    ,177.9    
中学２年生,459    ,93.7    ,40.7    ,3.5    ,4.8    ,2.6    ,12.4    ,13.7    ,5.4    ,0.2    ,95.4    ,3.7    ,0.9    ,181.7    
中学３年生,445    ,93.9    ,36.0    ,3.6    ,6.1    ,2.9    ,13.9    ,17.3    ,12.8    ,0.2    ,96.4    ,2.9    ,0.7    ,190.3    
高校１年生,413    ,94.9    ,35.4    ,3.9    ,9.7    ,7.3    ,10.2    ,21.3    ,9.9    ,0.5    ,96.1    ,3.1    ,0.7    ,196.9    
高校２年生,426    ,92.0    ,28.2    ,4.5    ,8.5    ,2.8    ,12.9    ,18.5    ,11.7    ,0.2    ,94.1    ,5.2    ,0.7    ,185.2    
高校３年生,168    ,91.1    ,35.7    ,2.4    ,8.9    ,4.2    ,19.6    ,22.6    ,14.9    ,-,93.5    ,6.5    ,-,206.0    
専門学校、各種学校等,-,-,-,-,-,-,-,-,-,-,-,-,-,-
中学校卒業,7    ,57.1    ,28.6    ,28.6    ,14.3    ,28.6    ,57.1    ,-,28.6    ,-,85.7    ,14.3    ,-,257.1    
高校中退,17    ,88.2    ,23.5    ,-,5.9    ,11.8    ,17.6    ,11.8    ,17.6    ,-,88.2    ,11.8    ,-,188.2    
専門学校、各種学校等中退・卒業,1    ,100.0    ,-,-,-,-,-,-,-,-,100.0    ,-,-,100.0    
小学生（計）,1080    ,70.7    ,41.8    ,3.4    ,1.7    ,1.3    ,4.5    ,13.9    ,1.6    ,0.3    ,80.9    ,15.6    ,3.4    ,158.2    
中学生（計）,1329    ,92.9    ,40.2    ,3.3    ,4.6    ,2.9    ,11.4    ,15.9    ,7.4    ,0.2    ,95.3    ,3.7    ,1.1    ,183.4    
高校生（計）,1007    ,93.0    ,32.4    ,3.9    ,9.0    ,4.9    ,12.9    ,20.4    ,11.5    ,0.3    ,94.8    ,4.6    ,0.6    ,193.4    
その他（計）,25    ,80.0    ,24.0    ,8.0    ,8.0    ,16.0    ,28.0    ,8.0    ,20.0    ,-,88.0    ,12.0    ,-,204.0    
Ｆ１・Ｆ３〔性・学校種別〕,,,,,,,,,,,,,,
小学生男子,534    ,68.4    ,41.8    ,3.0    ,1.3    ,1.3    ,4.5    ,13.1    ,1.5    ,0.6    ,80.3    ,15.4    ,4.3    ,155.1    
女子,546    ,73.1    ,41.8    ,3.8    ,2.0    ,1.3    ,4.6    ,14.7    ,1.6    ,-,81.5    ,15.9    ,2.6    ,161.4    
中学生男子,654    ,91.7    ,38.4    ,2.6    ,4.3    ,3.1    ,11.5    ,15.4    ,8.4    ,0.2    ,94.8    ,3.8    ,1.4    ,180.7    
女子,675    ,93.9    ,41.9    ,4.0    ,4.9    ,2.7    ,11.3    ,16.3    ,6.5    ,0.1    ,95.7    ,3.6    ,0.7    ,185.9    
高校生男子,491    ,92.1    ,28.7    ,3.3    ,8.1    ,3.9    ,11.8    ,18.5    ,13.0    ,0.2    ,94.1    ,5.3    ,0.6    ,185.5    
女子,516    ,94.0    ,35.9    ,4.5    ,9.9    ,5.8    ,14.0    ,22.1    ,10.1    ,0.4    ,95.5    ,3.9    ,0.6    ,201.0    
その他,25    ,80.0    ,24.0    ,8.0    ,8.0    ,16.0    ,28.0    ,8.0    ,20.0    ,-,88.0    ,12.0    ,-,204.0    
Ｆ４〔兄弟・姉妹の有無〕,,,,,,,,,,,,,,
１人以上いる,1846    ,86.6    ,36.6    ,6.3    ,4.8    ,3.0    ,8.1    ,15.9    ,6.9    ,0.1    ,90.7    ,7.7    ,1.5    ,177.4    
いない,1595    ,85.1    ,40.2    ,0.4    ,5.3    ,3.1    ,11.8    ,17.2    ,6.9    ,0.4    ,90.4    ,7.8    ,1.8    ,179.9    
